,Date,Week,count_0,count_1,count_2,rate_0,rate_1,rate_2
0,2020-11-21,Saturday,2,3,3,0.25,0.375,0.375
1,2020-11-22,Sunday,0,3,12,0.0,0.2,0.8
2,2020-11-23,Monday,5,5,11,0.23809523809523808,0.23809523809523808,0.5238095238095238
3,2020-11-24,Tuesday,3,5,10,0.16666666666666666,0.2777777777777778,0.5555555555555556
4,2020-11-25,Wednesday,3,5,17,0.12,0.2,0.68
5,2020-11-26,Thursday,1,1,7,0.1111111111111111,0.1111111111111111,0.7777777777777778
6,2020-11-27,Friday,0,0,5,0.0,0.0,1.0
7,2020-11-28,Saturday,0,2,3,0.0,0.4,0.6
8,2020-11-29,Sunday,5,2,5,0.4166666666666667,0.16666666666666666,0.4166666666666667
9,2020-11-30,Monday,0,0,6,0.0,0.0,1.0
10,2020-12-01,Tuesday,0,2,2,0.0,0.5,0.5
11,2020-12-02,Wednesday,12,29,54,0.12631578947368421,0.30526315789473685,0.5684210526315789
12,2020-12-03,Thursday,30,60,94,0.16304347826086957,0.32608695652173914,0.5108695652173914
13,2020-12-04,Friday,31,53,76,0.19375,0.33125,0.475
14,2020-12-05,Saturday,13,33,34,0.1625,0.4125,0.425
15,2020-12-06,Sunday,8,32,42,0.0975609756097561,0.3902439024390244,0.5121951219512195
16,2020-12-07,Monday,26,53,53,0.19696969696969696,0.4015151515151515,0.4015151515151515
17,2020-12-08,Tuesday,21,38,53,0.1875,0.3392857142857143,0.4732142857142857
18,2020-12-09,Wednesday,2,8,8,0.1111111111111111,0.4444444444444444,0.4444444444444444
19,2020-12-10,Thursday,5,1,4,0.5,0.1,0.4
20,2020-12-11,Friday,0,2,2,0.0,0.5,0.5
21,2020-12-13,Sunday,0,0,2,0.0,0.0,1.0
22,2020-12-14,Monday,0,0,1,0.0,0.0,1.0
23,2020-12-15,Tuesday,16,20,29,0.24615384615384617,0.3076923076923077,0.4461538461538462
24,2020-12-16,Wednesday,19,33,65,0.1623931623931624,0.28205128205128205,0.5555555555555556
25,2020-12-17,Thursday,18,36,94,0.12162162162162163,0.24324324324324326,0.6351351351351351
26,2020-12-18,Friday,18,12,72,0.17647058823529413,0.11764705882352941,0.7058823529411765
27,2020-12-19,Saturday,18,22,53,0.1935483870967742,0.23655913978494625,0.5698924731182796
28,2020-12-20,Sunday,15,21,43,0.189873417721519,0.26582278481012656,0.5443037974683544
29,2020-12-21,Monday,30,51,76,0.1910828025477707,0.3248407643312102,0.4840764331210191
30,2020-12-22,Tuesday,0,0,1,0.0,0.0,1.0
31,2020-12-23,Wednesday,30,41,108,0.16759776536312848,0.22905027932960895,0.6033519553072626
32,2020-12-24,Thursday,22,48,78,0.14864864864864866,0.32432432432432434,0.527027027027027
33,2020-12-25,Friday,0,1,0,0.0,1.0,0.0
34,2020-12-26,Saturday,20,26,49,0.21052631578947367,0.2736842105263158,0.5157894736842106
35,2020-12-27,Sunday,15,36,102,0.09803921568627451,0.23529411764705882,0.6666666666666666
36,2020-12-28,Monday,26,85,129,0.10833333333333334,0.3541666666666667,0.5375
37,2020-12-29,Tuesday,30,49,90,0.17751479289940827,0.28994082840236685,0.5325443786982249
38,2020-12-30,Wednesday,61,79,118,0.2364341085271318,0.3062015503875969,0.4573643410852713
39,2020-12-31,Thursday,49,72,106,0.21585903083700442,0.31718061674008813,0.4669603524229075
40,2021-01-01,Friday,0,2,0,0.0,1.0,0.0
41,2021-01-02,Saturday,17,15,37,0.2463768115942029,0.21739130434782608,0.5362318840579711
42,2021-01-03,Sunday,10,29,87,0.07936507936507936,0.23015873015873015,0.6904761904761905
43,2021-01-04,Monday,0,0,1,0.0,0.0,1.0
44,2021-01-05,Tuesday,69,119,193,0.18110236220472442,0.3123359580052493,0.5065616797900262
45,2021-01-06,Wednesday,1,1,1,0.3333333333333333,0.3333333333333333,0.3333333333333333
46,2021-01-07,Thursday,98,140,169,0.24078624078624078,0.343980343980344,0.4152334152334152
47,2021-01-08,Friday,77,129,142,0.22126436781609196,0.3706896551724138,0.40804597701149425
48,2021-01-09,Saturday,41,82,102,0.18222222222222223,0.36444444444444446,0.4533333333333333
49,2021-01-10,Sunday,39,76,101,0.18055555555555555,0.35185185185185186,0.4675925925925926
50,2021-01-11,Monday,51,97,126,0.18613138686131386,0.354014598540146,0.45985401459854014
51,2021-01-12,Tuesday,68,99,111,0.2446043165467626,0.35611510791366907,0.39928057553956836
52,2021-01-13,Wednesday,59,109,177,0.17101449275362318,0.3159420289855073,0.5130434782608696
53,2021-01-14,Thursday,0,0,1,0.0,0.0,1.0
54,2021-01-15,Friday,68,132,130,0.20606060606060606,0.4,0.3939393939393939
55,2021-01-16,Saturday,39,76,89,0.19117647058823528,0.37254901960784315,0.4362745098039216
56,2021-01-17,Sunday,46,83,156,0.16140350877192983,0.2912280701754386,0.5473684210526316
57,2021-01-18,Monday,52,63,144,0.20077220077220076,0.24324324324324326,0.555984555984556
58,2021-01-19,Tuesday,83,134,239,0.18201754385964913,0.29385964912280704,0.5241228070175439
59,2021-01-20,Wednesday,126,136,211,0.266384778012685,0.28752642706131076,0.44608879492600423
60,2021-01-21,Thursday,89,148,195,0.20601851851851852,0.3425925925925926,0.4513888888888889
61,2021-01-22,Friday,51,100,178,0.15501519756838905,0.303951367781155,0.541033434650456
62,2021-01-23,Saturday,74,111,235,0.1761904761904762,0.2642857142857143,0.5595238095238095
63,2021-01-24,Sunday,0,0,4,0.0,0.0,1.0
64,2021-01-25,Monday,43,81,179,0.1419141914191419,0.26732673267326734,0.5907590759075908
65,2021-01-26,Tuesday,50,60,87,0.25380710659898476,0.30456852791878175,0.4416243654822335
66,2021-01-27,Wednesday,24,49,100,0.13872832369942195,0.2832369942196532,0.5780346820809249
67,2021-01-28,Thursday,81,104,146,0.24471299093655588,0.31419939577039274,0.44108761329305135
68,2021-01-29,Friday,108,123,139,0.2918918918918919,0.3324324324324324,0.37567567567567567
69,2021-01-30,Saturday,19,37,88,0.13194444444444445,0.2569444444444444,0.6111111111111112
70,2021-01-31,Sunday,31,25,95,0.2052980132450331,0.16556291390728478,0.6291390728476821
71,2021-02-01,Monday,35,73,132,0.14583333333333334,0.30416666666666664,0.55
72,2021-02-02,Tuesday,44,67,142,0.17391304347826086,0.2648221343873518,0.5612648221343873
73,2021-02-03,Wednesday,38,46,111,0.19487179487179487,0.2358974358974359,0.5692307692307692
74,2021-02-04,Thursday,43,68,137,0.17338709677419356,0.27419354838709675,0.5524193548387096
75,2021-02-05,Friday,41,65,138,0.1680327868852459,0.26639344262295084,0.5655737704918032
76,2021-02-06,Saturday,15,45,122,0.08241758241758242,0.24725274725274726,0.6703296703296703
77,2021-02-07,Sunday,3,16,108,0.023622047244094488,0.12598425196850394,0.8503937007874016
78,2021-02-08,Monday,10,21,100,0.07633587786259542,0.16030534351145037,0.7633587786259542
79,2021-02-09,Tuesday,12,25,66,0.11650485436893204,0.24271844660194175,0.6407766990291263
80,2021-02-10,Wednesday,5,31,117,0.032679738562091505,0.20261437908496732,0.7647058823529411
81,2021-02-11,Thursday,9,18,83,0.08181818181818182,0.16363636363636364,0.7545454545454545
82,2021-02-12,Friday,5,7,40,0.09615384615384616,0.1346153846153846,0.7692307692307693
83,2021-02-13,Saturday,1,12,30,0.023255813953488372,0.27906976744186046,0.6976744186046512
84,2021-02-14,Sunday,4,18,58,0.05,0.225,0.725
85,2021-02-15,Monday,6,21,39,0.09090909090909091,0.3181818181818182,0.5909090909090909
86,2021-02-16,Tuesday,6,23,55,0.07142857142857142,0.27380952380952384,0.6547619047619048
87,2021-02-17,Wednesday,26,83,152,0.09961685823754789,0.31800766283524906,0.5823754789272031
88,2021-02-18,Thursday,38,98,145,0.13523131672597866,0.3487544483985765,0.5160142348754448
89,2021-02-19,Friday,38,79,119,0.16101694915254236,0.3347457627118644,0.5042372881355932
90,2021-02-20,Saturday,31,75,97,0.15270935960591134,0.3694581280788177,0.47783251231527096
91,2021-02-21,Sunday,13,48,101,0.08024691358024691,0.2962962962962963,0.6234567901234568
92,2021-02-22,Monday,53,128,205,0.13730569948186527,0.3316062176165803,0.5310880829015544
93,2021-02-24,Wednesday,76,96,205,0.20159151193633953,0.2546419098143236,0.5437665782493368
94,2021-02-25,Thursday,41,100,154,0.13898305084745763,0.3389830508474576,0.5220338983050847
95,2021-02-26,Friday,81,128,159,0.22010869565217392,0.34782608695652173,0.4320652173913043
96,2021-02-27,Saturday,49,87,114,0.196,0.348,0.456
97,2021-02-28,Sunday,40,41,99,0.2222222222222222,0.22777777777777777,0.55
98,2021-03-01,Monday,29,61,133,0.13004484304932734,0.273542600896861,0.5964125560538116
99,2021-03-02,Tuesday,89,104,192,0.23116883116883116,0.2701298701298701,0.4987012987012987
100,2021-03-03,Wednesday,49,54,146,0.19678714859437751,0.21686746987951808,0.5863453815261044
101,2021-03-04,Thursday,94,75,143,0.30128205128205127,0.2403846153846154,0.4583333333333333
102,2021-03-05,Friday,63,67,134,0.23863636363636365,0.2537878787878788,0.5075757575757576
103,2021-03-06,Saturday,29,49,89,0.17365269461077845,0.2934131736526946,0.5329341317365269
104,2021-03-07,Sunday,38,59,102,0.19095477386934673,0.2964824120603015,0.5125628140703518
105,2021-03-08,Monday,38,56,96,0.2,0.29473684210526313,0.5052631578947369
106,2021-03-09,Tuesday,92,127,159,0.24338624338624337,0.335978835978836,0.42063492063492064
107,2021-03-10,Wednesday,51,94,176,0.1588785046728972,0.29283489096573206,0.5482866043613707
108,2021-03-11,Thursday,53,90,185,0.16158536585365854,0.27439024390243905,0.5640243902439024
109,2021-03-12,Friday,32,56,128,0.14814814814814814,0.25925925925925924,0.5925925925925926
110,2021-03-13,Saturday,22,58,127,0.10628019323671498,0.28019323671497587,0.6135265700483091
111,2021-03-14,Sunday,29,46,90,0.17575757575757575,0.2787878787878788,0.5454545454545454
112,2021-03-15,Monday,38,66,117,0.17194570135746606,0.2986425339366516,0.5294117647058824
113,2021-03-16,Tuesday,66,103,219,0.17010309278350516,0.2654639175257732,0.5644329896907216
114,2021-03-17,Wednesday,44,101,171,0.13924050632911392,0.31962025316455694,0.5411392405063291
115,2021-03-18,Thursday,58,111,206,0.15466666666666667,0.296,0.5493333333333333
116,2021-03-19,Friday,59,116,207,0.1544502617801047,0.3036649214659686,0.5418848167539267
117,2021-03-20,Saturday,39,35,156,0.16956521739130434,0.15217391304347827,0.6782608695652174
118,2021-03-21,Sunday,43,63,173,0.15412186379928317,0.22580645161290322,0.6200716845878136
119,2021-03-22,Monday,54,115,212,0.14173228346456693,0.30183727034120733,0.5564304461942258
120,2021-03-23,Tuesday,0,1,1,0.0,0.5,0.5
121,2021-03-24,Wednesday,84,118,167,0.22764227642276422,0.31978319783197834,0.45257452574525747
122,2021-03-25,Thursday,31,82,205,0.09748427672955975,0.2578616352201258,0.6446540880503144
123,2021-03-26,Friday,47,65,128,0.19583333333333333,0.2708333333333333,0.5333333333333333
124,2021-03-27,Saturday,24,50,101,0.13714285714285715,0.2857142857142857,0.5771428571428572
125,2021-03-28,Sunday,23,47,94,0.1402439024390244,0.2865853658536585,0.573170731707317
126,2021-03-29,Monday,18,67,99,0.09782608695652174,0.3641304347826087,0.5380434782608695
127,2021-03-30,Tuesday,25,60,127,0.1179245283018868,0.2830188679245283,0.5990566037735849
128,2021-03-31,Wednesday,50,103,194,0.1440922190201729,0.2968299711815562,0.5590778097982709
129,2021-04-01,Thursday,40,106,164,0.12903225806451613,0.3419354838709677,0.5290322580645161
130,2021-04-02,Friday,44,71,118,0.1888412017167382,0.30472103004291845,0.5064377682403434
131,2021-04-03,Saturday,32,67,160,0.12355212355212356,0.25868725868725867,0.6177606177606177
132,2021-04-04,Sunday,0,1,0,0.0,1.0,0.0
133,2021-04-05,Monday,15,37,95,0.10204081632653061,0.25170068027210885,0.6462585034013606
134,2021-04-06,Tuesday,40,108,157,0.13114754098360656,0.3540983606557377,0.5147540983606558
135,2021-04-07,Wednesday,40,107,143,0.13793103448275862,0.3689655172413793,0.49310344827586206
136,2021-04-08,Thursday,48,130,187,0.13150684931506848,0.3561643835616438,0.5123287671232877
137,2021-04-09,Friday,108,160,216,0.2231404958677686,0.3305785123966942,0.4462809917355372
138,2021-04-10,Saturday,84,132,163,0.22163588390501318,0.3482849604221636,0.43007915567282323
139,2021-04-11,Sunday,17,51,121,0.08994708994708994,0.2698412698412698,0.6402116402116402
140,2021-04-13,Tuesday,91,116,166,0.24396782841823056,0.3109919571045576,0.4450402144772118
141,2021-04-14,Wednesday,13,32,40,0.15294117647058825,0.3764705882352941,0.47058823529411764
142,2021-04-15,Thursday,4,15,42,0.06557377049180328,0.2459016393442623,0.6885245901639344
143,2021-04-16,Friday,41,77,106,0.18303571428571427,0.34375,0.4732142857142857
144,2021-04-17,Saturday,18,55,103,0.10227272727272728,0.3125,0.5852272727272727
145,2021-04-18,Sunday,31,61,135,0.13656387665198239,0.2687224669603524,0.5947136563876652
146,2021-04-19,Monday,0,1,0,0.0,1.0,0.0
147,2021-04-20,Tuesday,83,197,259,0.15398886827458255,0.3654916512059369,0.4805194805194805
148,2021-04-21,Wednesday,69,191,261,0.1324376199616123,0.3666026871401152,0.5009596928982726
149,2021-04-22,Thursday,215,241,346,0.26807980049875313,0.300498753117207,0.4314214463840399
150,2021-04-23,Friday,156,239,310,0.22127659574468084,0.33900709219858155,0.4397163120567376
151,2021-04-24,Saturday,103,167,203,0.21775898520084566,0.35306553911205074,0.42917547568710357
152,2021-04-25,Sunday,68,98,183,0.19484240687679083,0.2808022922636103,0.5243553008595988
153,2021-04-26,Monday,61,151,241,0.1346578366445916,0.3333333333333333,0.5320088300220751
154,2021-04-27,Tuesday,69,127,226,0.16350710900473933,0.3009478672985782,0.5355450236966824
155,2021-04-28,Wednesday,137,273,327,0.18588873812754408,0.3704206241519674,0.44369063772048845
156,2021-04-29,Thursday,137,213,298,0.21141975308641975,0.3287037037037037,0.45987654320987653
157,2021-04-30,Friday,87,155,239,0.18087318087318088,0.32224532224532226,0.4968814968814969
158,2021-05-01,Saturday,48,89,185,0.14906832298136646,0.27639751552795033,0.5745341614906833
159,2021-05-02,Sunday,48,80,157,0.16842105263157894,0.2807017543859649,0.5508771929824562
160,2021-05-03,Monday,115,104,191,0.2804878048780488,0.25365853658536586,0.4658536585365854
161,2021-05-04,Tuesday,0,0,1,0.0,0.0,1.0
162,2021-05-05,Wednesday,147,149,199,0.296969696969697,0.301010101010101,0.402020202020202
163,2021-05-06,Thursday,144,148,253,0.26422018348623855,0.27155963302752295,0.46422018348623856
164,2021-05-07,Friday,154,187,386,0.21182943603851445,0.25722145804676755,0.530949105914718
165,2021-05-08,Saturday,81,94,289,0.17456896551724138,0.2025862068965517,0.6228448275862069
166,2021-05-09,Sunday,67,77,191,0.2,0.2298507462686567,0.5701492537313433
167,2021-05-10,Monday,74,153,203,0.17209302325581396,0.3558139534883721,0.4720930232558139
168,2021-05-11,Tuesday,268,251,364,0.3035107587768969,0.2842582106455266,0.41223103057757643
169,2021-05-12,Wednesday,284,249,349,0.3219954648526077,0.282312925170068,0.3956916099773243
170,2021-05-13,Thursday,253,227,360,0.3011904761904762,0.2702380952380952,0.42857142857142855
171,2021-05-14,Friday,241,234,507,0.2454175152749491,0.23828920570264767,0.5162932790224033
172,2021-05-15,Saturday,152,165,295,0.24836601307189543,0.2696078431372549,0.4820261437908497
173,2021-05-16,Sunday,214,204,273,0.3096960926193922,0.2952243125904486,0.3950795947901592
174,2021-05-17,Monday,0,0,1,0.0,0.0,1.0
175,2021-05-18,Tuesday,98,139,271,0.19291338582677164,0.2736220472440945,0.5334645669291339
176,2021-05-19,Wednesday,0,0,1,0.0,0.0,1.0
177,2021-05-20,Thursday,68,69,152,0.23529411764705882,0.23875432525951557,0.5259515570934256
178,2021-05-21,Friday,56,76,206,0.16568047337278108,0.22485207100591717,0.6094674556213018
179,2021-05-22,Saturday,49,60,130,0.20502092050209206,0.2510460251046025,0.5439330543933054
180,2021-05-23,Sunday,31,53,175,0.11969111969111969,0.20463320463320464,0.6756756756756757
181,2021-05-24,Monday,50,95,168,0.1597444089456869,0.3035143769968051,0.536741214057508
182,2021-05-25,Tuesday,109,129,231,0.232409381663113,0.27505330490405117,0.4925373134328358
183,2021-05-26,Wednesday,80,103,272,0.17582417582417584,0.22637362637362637,0.5978021978021978
184,2021-05-27,Thursday,58,111,246,0.13975903614457832,0.2674698795180723,0.5927710843373494
185,2021-05-28,Friday,72,127,269,0.15384615384615385,0.27136752136752135,0.5747863247863247
186,2021-05-29,Saturday,47,91,162,0.15666666666666668,0.30333333333333334,0.54
187,2021-05-30,Sunday,46,81,246,0.12332439678284182,0.21715817694369974,0.6595174262734584
188,2021-05-31,Monday,121,124,272,0.23404255319148937,0.23984526112185686,0.5261121856866537
189,2021-06-01,Tuesday,101,162,302,0.17876106194690267,0.2867256637168142,0.5345132743362832
190,2021-06-02,Wednesday,96,148,289,0.1801125703564728,0.2776735459662289,0.5422138836772983
191,2021-06-03,Thursday,117,190,238,0.21467889908256882,0.3486238532110092,0.43669724770642204
192,2021-06-04,Friday,75,118,130,0.23219814241486067,0.3653250773993808,0.4024767801857585
193,2021-06-05,Saturday,54,104,93,0.2151394422310757,0.41434262948207173,0.3705179282868526
194,2021-06-06,Sunday,44,83,148,0.16,0.3018181818181818,0.5381818181818182
195,2021-06-07,Monday,130,160,287,0.22530329289428075,0.2772963604852686,0.49740034662045063
196,2021-06-08,Tuesday,98,160,239,0.19718309859154928,0.32193158953722334,0.48088531187122735
197,2021-06-09,Wednesday,138,118,238,0.2793522267206478,0.2388663967611336,0.4817813765182186
198,2021-06-10,Thursday,143,179,227,0.2604735883424408,0.32604735883424407,0.4134790528233151
199,2021-06-11,Friday,95,159,190,0.21396396396396397,0.3581081081081081,0.42792792792792794
200,2021-06-12,Saturday,62,98,147,0.20195439739413681,0.31921824104234525,0.4788273615635179
201,2021-06-13,Sunday,33,55,115,0.1625615763546798,0.270935960591133,0.5665024630541872
202,2021-06-14,Monday,26,72,121,0.1187214611872146,0.3287671232876712,0.5525114155251142
203,2021-06-15,Tuesday,115,143,215,0.24312896405919662,0.3023255813953488,0.45454545454545453
204,2021-06-16,Wednesday,131,145,224,0.262,0.29,0.448
205,2021-06-17,Thursday,74,138,230,0.167420814479638,0.31221719457013575,0.5203619909502263
206,2021-06-18,Friday,63,118,178,0.17548746518105848,0.3286908077994429,0.4958217270194986
207,2021-06-19,Saturday,71,113,211,0.17974683544303796,0.28607594936708863,0.5341772151898734
208,2021-06-20,Sunday,54,86,234,0.1443850267379679,0.22994652406417113,0.6256684491978609
209,2021-06-21,Monday,85,124,197,0.20935960591133004,0.3054187192118227,0.4852216748768473
210,2021-06-22,Tuesday,76,137,186,0.19047619047619047,0.3433583959899749,0.46616541353383456
211,2021-06-23,Wednesday,160,182,229,0.28021015761821366,0.318739054290718,0.4010507880910683
212,2021-06-24,Thursday,44,97,166,0.14332247557003258,0.31596091205211724,0.5407166123778502
213,2021-06-25,Friday,75,89,191,0.2112676056338028,0.2507042253521127,0.5380281690140845
214,2021-06-26,Saturday,74,150,172,0.18686868686868688,0.3787878787878788,0.43434343434343436
215,2021-06-27,Sunday,59,124,138,0.1838006230529595,0.3862928348909657,0.42990654205607476
216,2021-06-28,Monday,58,142,191,0.1483375959079284,0.3631713554987212,0.4884910485933504
217,2021-06-29,Tuesday,50,158,208,0.1201923076923077,0.3798076923076923,0.5
218,2021-06-30,Wednesday,131,254,316,0.18687589158345222,0.362339514978602,0.4507845934379458
219,2021-07-01,Thursday,138,221,308,0.20689655172413793,0.3313343328335832,0.4617691154422789
220,2021-07-02,Friday,143,202,394,0.19350473612990526,0.2733423545331529,0.5331529093369418
221,2021-07-03,Saturday,68,135,290,0.13793103448275862,0.2738336713995943,0.5882352941176471
222,2021-07-04,Sunday,70,115,243,0.16355140186915887,0.26869158878504673,0.5677570093457944
223,2021-07-05,Monday,82,162,248,0.16666666666666666,0.32926829268292684,0.5040650406504065
224,2021-07-06,Tuesday,137,246,299,0.20087976539589442,0.36070381231671556,0.43841642228739003
225,2021-07-07,Wednesday,209,313,427,0.220231822971549,0.32982086406743943,0.4499473129610116
226,2021-07-08,Thursday,86,121,204,0.20924574209245742,0.2944038929440389,0.49635036496350365
227,2021-07-09,Friday,182,219,282,0.2664714494875549,0.3206442166910688,0.4128843338213763
228,2021-07-10,Saturday,58,134,166,0.16201117318435754,0.3743016759776536,0.46368715083798884
229,2021-07-11,Sunday,56,76,186,0.1761006289308176,0.2389937106918239,0.5849056603773585
230,2021-07-12,Monday,126,150,267,0.23204419889502761,0.27624309392265195,0.49171270718232046
231,2021-07-13,Tuesday,224,218,261,0.3186344238975818,0.310099573257468,0.3712660028449502
232,2021-07-14,Wednesday,242,230,327,0.30287859824780977,0.2878598247809762,0.409261576971214
233,2021-07-15,Thursday,185,249,355,0.23447401774397972,0.3155893536121673,0.449936628643853
234,2021-07-16,Friday,150,173,340,0.22624434389140272,0.2609351432880845,0.5128205128205128
235,2021-07-17,Saturday,87,111,213,0.2116788321167883,0.27007299270072993,0.5182481751824818
236,2021-07-18,Sunday,70,108,249,0.16393442622950818,0.2529274004683841,0.5831381733021077
237,2021-07-19,Monday,104,152,212,0.2222222222222222,0.3247863247863248,0.452991452991453
238,2021-07-20,Tuesday,139,176,263,0.24048442906574394,0.3044982698961938,0.45501730103806226
239,2021-07-21,Wednesday,230,231,315,0.2963917525773196,0.297680412371134,0.4059278350515464
240,2021-07-22,Thursday,223,254,421,0.24832962138084633,0.2828507795100223,0.4688195991091314
241,2021-07-23,Friday,166,160,271,0.2780569514237856,0.26800670016750416,0.4539363484087102
242,2021-07-24,Saturday,39,52,175,0.14661654135338345,0.19548872180451127,0.6578947368421053
243,2021-07-25,Sunday,61,80,230,0.16442048517520216,0.215633423180593,0.6199460916442049
244,2021-07-26,Monday,66,108,143,0.2082018927444795,0.34069400630914826,0.45110410094637227
245,2021-07-27,Tuesday,165,159,170,0.3340080971659919,0.32186234817813764,0.3441295546558704
246,2021-07-28,Wednesday,190,200,296,0.27696793002915454,0.2915451895043732,0.4314868804664723
247,2021-07-29,Thursday,84,149,273,0.16600790513833993,0.29446640316205536,0.5395256916996047
248,2021-07-30,Friday,112,103,198,0.2711864406779661,0.24939467312348668,0.4794188861985472
249,2021-07-31,Saturday,70,86,179,0.208955223880597,0.25671641791044775,0.5343283582089552
250,2021-08-01,Sunday,20,39,146,0.0975609756097561,0.1902439024390244,0.7121951219512195
251,2021-08-02,Monday,55,87,215,0.15406162464985995,0.24369747899159663,0.6022408963585434
252,2021-08-03,Tuesday,68,119,245,0.1574074074074074,0.27546296296296297,0.5671296296296297
253,2021-08-04,Wednesday,82,103,261,0.18385650224215247,0.23094170403587444,0.5852017937219731
254,2021-08-05,Thursday,75,87,151,0.23961661341853036,0.2779552715654952,0.48242811501597443
255,2021-08-06,Friday,40,66,216,0.12422360248447205,0.20496894409937888,0.6708074534161491
256,2021-08-07,Saturday,44,39,151,0.18803418803418803,0.16666666666666666,0.6452991452991453
257,2021-08-08,Sunday,33,50,125,0.15865384615384615,0.2403846153846154,0.6009615384615384
258,2021-08-09,Monday,67,89,212,0.18206521739130435,0.2418478260869565,0.5760869565217391
259,2021-08-10,Tuesday,79,64,176,0.2476489028213166,0.2006269592476489,0.5517241379310345
260,2021-08-11,Wednesday,102,97,208,0.25061425061425063,0.23832923832923833,0.5110565110565111
261,2021-08-12,Thursday,97,130,177,0.2400990099009901,0.3217821782178218,0.4381188118811881
262,2021-08-13,Friday,92,78,191,0.2548476454293629,0.21606648199445982,0.5290858725761773
263,2021-08-14,Saturday,59,41,100,0.295,0.205,0.5
264,2021-08-15,Sunday,44,46,122,0.20754716981132076,0.2169811320754717,0.5754716981132075
265,2021-08-16,Monday,69,72,156,0.23232323232323232,0.24242424242424243,0.5252525252525253
266,2021-08-17,Tuesday,103,94,175,0.2768817204301075,0.25268817204301075,0.47043010752688175
267,2021-08-18,Wednesday,98,136,236,0.20851063829787234,0.28936170212765955,0.502127659574468
268,2021-08-19,Thursday,155,130,182,0.33190578158458245,0.278372591006424,0.3897216274089936
269,2021-08-20,Friday,45,63,170,0.1618705035971223,0.22661870503597123,0.6115107913669064
270,2021-08-21,Saturday,49,47,132,0.2149122807017544,0.20614035087719298,0.5789473684210527
271,2021-08-22,Sunday,18,31,102,0.11920529801324503,0.2052980132450331,0.6754966887417219
272,2021-08-23,Monday,37,59,129,0.16444444444444445,0.26222222222222225,0.5733333333333334
273,2021-08-24,Tuesday,32,60,184,0.11594202898550725,0.21739130434782608,0.6666666666666666
274,2021-08-25,Wednesday,18,44,137,0.09045226130653267,0.22110552763819097,0.6884422110552764
275,2021-08-26,Thursday,28,28,96,0.18421052631578946,0.18421052631578946,0.631578947368421
276,2021-08-27,Friday,17,39,147,0.08374384236453201,0.1921182266009852,0.7241379310344828
277,2021-08-28,Saturday,23,37,95,0.14838709677419354,0.23870967741935484,0.6129032258064516
278,2021-08-29,Sunday,9,31,39,0.11392405063291139,0.3924050632911392,0.4936708860759494
279,2021-08-30,Monday,25,44,120,0.13227513227513227,0.2328042328042328,0.6349206349206349
280,2021-08-31,Tuesday,30,59,105,0.15463917525773196,0.30412371134020616,0.5412371134020618
281,2021-09-01,Wednesday,18,34,95,0.12244897959183673,0.23129251700680273,0.6462585034013606
282,2021-09-02,Thursday,34,64,75,0.19653179190751446,0.3699421965317919,0.43352601156069365
283,2021-09-03,Friday,16,38,75,0.12403100775193798,0.29457364341085274,0.5813953488372093
284,2021-09-04,Saturday,26,26,97,0.174496644295302,0.174496644295302,0.6510067114093959
285,2021-09-05,Sunday,30,31,65,0.23809523809523808,0.24603174603174602,0.5158730158730159
286,2021-09-06,Monday,58,76,141,0.2109090909090909,0.27636363636363637,0.5127272727272727
287,2021-09-07,Tuesday,37,60,118,0.17209302325581396,0.27906976744186046,0.5488372093023256
288,2021-09-08,Wednesday,33,38,68,0.23741007194244604,0.2733812949640288,0.4892086330935252
289,2021-09-09,Thursday,41,70,132,0.16872427983539096,0.2880658436213992,0.5432098765432098
290,2021-09-10,Friday,34,79,119,0.14655172413793102,0.34051724137931033,0.5129310344827587
291,2021-09-11,Saturday,13,28,74,0.11304347826086956,0.24347826086956523,0.6434782608695652
292,2021-09-12,Sunday,13,30,69,0.11607142857142858,0.26785714285714285,0.6160714285714286
293,2021-09-13,Monday,23,41,78,0.1619718309859155,0.2887323943661972,0.5492957746478874
294,2021-09-14,Tuesday,45,43,84,0.2616279069767442,0.25,0.4883720930232558
295,2021-09-15,Wednesday,26,44,99,0.15384615384615385,0.2603550295857988,0.5857988165680473
296,2021-09-16,Thursday,15,48,142,0.07317073170731707,0.23414634146341465,0.6926829268292682
297,2021-09-17,Friday,32,61,120,0.15023474178403756,0.2863849765258216,0.5633802816901409
298,2021-09-18,Saturday,27,43,119,0.14285714285714285,0.2275132275132275,0.6296296296296297
299,2021-09-19,Sunday,21,28,45,0.22340425531914893,0.2978723404255319,0.4787234042553192
300,2021-09-20,Monday,20,14,42,0.2631578947368421,0.18421052631578946,0.5526315789473685
301,2021-09-21,Tuesday,12,24,50,0.13953488372093023,0.27906976744186046,0.5813953488372093
302,2021-09-22,Wednesday,26,28,68,0.21311475409836064,0.22950819672131148,0.5573770491803278
303,2021-09-23,Thursday,17,36,99,0.1118421052631579,0.23684210526315788,0.6513157894736842
304,2021-09-24,Friday,18,25,77,0.15,0.20833333333333334,0.6416666666666667
305,2021-09-25,Saturday,7,7,35,0.14285714285714285,0.14285714285714285,0.7142857142857143
306,2021-09-26,Sunday,10,18,43,0.14084507042253522,0.2535211267605634,0.6056338028169014
307,2021-09-27,Monday,20,37,109,0.12048192771084337,0.22289156626506024,0.6566265060240963
308,2021-09-28,Tuesday,23,42,103,0.13690476190476192,0.25,0.6130952380952381
309,2021-09-29,Wednesday,16,24,75,0.1391304347826087,0.20869565217391303,0.6521739130434783
310,2021-09-30,Thursday,11,25,58,0.11702127659574468,0.26595744680851063,0.6170212765957447
311,2021-10-01,Friday,2,2,14,0.1111111111111111,0.1111111111111111,0.7777777777777778
312,2021-10-02,Saturday,0,2,7,0.0,0.2222222222222222,0.7777777777777778
313,2021-10-03,Sunday,29,31,80,0.20714285714285716,0.22142857142857142,0.5714285714285714
314,2021-10-04,Monday,1,1,2,0.25,0.25,0.5
315,2021-10-05,Tuesday,2,1,3,0.3333333333333333,0.16666666666666666,0.5
316,2021-10-06,Wednesday,0,2,0,0.0,1.0,0.0
317,2021-10-07,Thursday,4,2,1,0.5714285714285714,0.2857142857142857,0.14285714285714285
318,2021-10-08,Friday,9,18,38,0.13846153846153847,0.27692307692307694,0.5846153846153846
319,2021-10-09,Saturday,0,1,2,0.0,0.3333333333333333,0.6666666666666666
320,2021-10-10,Sunday,1,0,0,1.0,0.0,0.0
321,2021-10-11,Monday,6,13,39,0.10344827586206896,0.22413793103448276,0.6724137931034483
322,2021-10-12,Tuesday,0,0,5,0.0,0.0,1.0
323,2021-10-13,Wednesday,0,0,3,0.0,0.0,1.0
324,2021-10-14,Thursday,1,0,6,0.14285714285714285,0.0,0.8571428571428571
325,2021-10-15,Friday,0,0,2,0.0,0.0,1.0
326,2021-10-16,Saturday,24,24,89,0.17518248175182483,0.17518248175182483,0.6496350364963503
327,2021-10-17,Sunday,0,0,1,0.0,0.0,1.0
328,2021-10-18,Monday,0,1,4,0.0,0.2,0.8
329,2021-10-19,Tuesday,0,0,1,0.0,0.0,1.0
330,2021-10-20,Wednesday,0,0,8,0.0,0.0,1.0
331,2021-10-21,Thursday,0,0,9,0.0,0.0,1.0
332,2021-10-22,Friday,0,2,7,0.0,0.2222222222222222,0.7777777777777778
333,2021-10-23,Saturday,0,0,1,0.0,0.0,1.0
334,2021-10-24,Sunday,1,1,2,0.25,0.25,0.5
335,2021-10-25,Monday,12,32,48,0.13043478260869565,0.34782608695652173,0.5217391304347826
336,2021-10-26,Tuesday,1,0,3,0.25,0.0,0.75
337,2021-10-27,Wednesday,1,0,1,0.5,0.0,0.5
338,2021-10-28,Thursday,32,90,170,0.1095890410958904,0.3082191780821918,0.5821917808219178
339,2021-10-29,Friday,0,1,1,0.0,0.5,0.5
340,2021-10-30,Saturday,0,0,5,0.0,0.0,1.0
341,2021-10-31,Sunday,26,48,99,0.15028901734104047,0.2774566473988439,0.5722543352601156
342,2021-11-01,Monday,0,0,1,0.0,0.0,1.0
343,2021-11-02,Tuesday,0,1,3,0.0,0.25,0.75
344,2021-11-03,Wednesday,0,0,1,0.0,0.0,1.0
345,2021-11-04,Thursday,0,0,1,0.0,0.0,1.0
346,2021-11-05,Friday,30,55,80,0.18181818181818182,0.3333333333333333,0.48484848484848486
347,2021-11-06,Saturday,25,49,94,0.1488095238095238,0.2916666666666667,0.5595238095238095
348,2021-11-07,Sunday,0,0,2,0.0,0.0,1.0
349,2021-11-08,Monday,0,0,6,0.0,0.0,1.0
350,2021-11-09,Tuesday,0,1,1,0.0,0.5,0.5
351,2021-11-10,Wednesday,25,42,96,0.15337423312883436,0.25766871165644173,0.588957055214724
352,2021-11-11,Thursday,40,70,83,0.20725388601036268,0.3626943005181347,0.43005181347150256
353,2021-11-12,Friday,46,73,72,0.24083769633507854,0.38219895287958117,0.3769633507853403
354,2021-11-13,Saturday,0,0,1,0.0,0.0,1.0
355,2021-11-14,Sunday,0,0,2,0.0,0.0,1.0
356,2021-11-15,Monday,0,0,1,0.0,0.0,1.0
357,2021-11-16,Tuesday,0,1,0,0.0,1.0,0.0
358,2021-11-17,Wednesday,31,47,65,0.21678321678321677,0.32867132867132864,0.45454545454545453
359,2021-11-18,Thursday,1,0,0,1.0,0.0,0.0
360,2021-11-19,Friday,31,41,117,0.164021164021164,0.21693121693121692,0.6190476190476191
361,2021-11-20,Saturday,30,40,101,0.17543859649122806,0.23391812865497075,0.5906432748538012
362,2021-11-21,Sunday,21,46,93,0.13125,0.2875,0.58125
363,2021-11-22,Monday,24,45,86,0.15483870967741936,0.2903225806451613,0.5548387096774193
364,2021-11-23,Tuesday,0,1,0,0.0,1.0,0.0
365,2021-11-24,Wednesday,32,56,90,0.1797752808988764,0.3146067415730337,0.5056179775280899
366,2021-11-25,Thursday,0,0,1,0.0,0.0,1.0
367,2021-11-26,Friday,0,0,1,0.0,0.0,1.0
368,2021-11-27,Saturday,0,0,1,0.0,0.0,1.0
369,2021-11-28,Sunday,0,1,0,0.0,1.0,0.0
370,2021-11-29,Monday,54,65,92,0.2559241706161137,0.3080568720379147,0.43601895734597157
371,2021-11-30,Tuesday,0,0,1,0.0,0.0,1.0
372,2021-12-01,Wednesday,0,0,1,0.0,0.0,1.0
373,2021-12-02,Thursday,1,0,0,1.0,0.0,0.0
374,2021-12-03,Friday,0,0,1,0.0,0.0,1.0
375,2021-12-04,Saturday,14,30,66,0.12727272727272726,0.2727272727272727,0.6
376,2021-12-05,Sunday,11,20,57,0.125,0.22727272727272727,0.6477272727272727
377,2021-12-06,Monday,1,0,1,0.5,0.0,0.5
378,2021-12-07,Tuesday,0,1,0,0.0,1.0,0.0
379,2021-12-08,Wednesday,0,0,3,0.0,0.0,1.0
380,2021-12-09,Thursday,0,0,7,0.0,0.0,1.0
381,2021-12-10,Friday,0,1,1,0.0,0.5,0.5
382,2021-12-11,Saturday,0,0,1,0.0,0.0,1.0
383,2021-12-12,Sunday,24,55,122,0.11940298507462686,0.2736318407960199,0.6069651741293532
384,2021-12-13,Monday,19,59,91,0.11242603550295859,0.34911242603550297,0.5384615384615384
385,2021-12-14,Tuesday,32,54,137,0.14349775784753363,0.242152466367713,0.6143497757847534
386,2021-12-15,Wednesday,16,30,89,0.11851851851851852,0.2222222222222222,0.6592592592592592
387,2021-12-16,Thursday,0,0,2,0.0,0.0,1.0
388,2021-12-17,Friday,18,43,115,0.10227272727272728,0.24431818181818182,0.6534090909090909
389,2021-12-18,Saturday,13,30,92,0.0962962962962963,0.2222222222222222,0.6814814814814815
390,2021-12-19,Sunday,13,24,61,0.1326530612244898,0.24489795918367346,0.6224489795918368
391,2021-12-20,Monday,29,32,71,0.2196969696969697,0.24242424242424243,0.5378787878787878
392,2021-12-21,Tuesday,23,32,76,0.17557251908396945,0.24427480916030533,0.5801526717557252
393,2021-12-22,Wednesday,1,1,1,0.3333333333333333,0.3333333333333333,0.3333333333333333
394,2021-12-23,Thursday,20,56,116,0.10416666666666667,0.2916666666666667,0.6041666666666666
395,2021-12-24,Friday,0,1,0,0.0,1.0,0.0
396,2021-12-25,Saturday,0,0,2,0.0,0.0,1.0
397,2021-12-26,Sunday,0,0,1,0.0,0.0,1.0
398,2021-12-27,Monday,1,0,0,1.0,0.0,0.0
399,2021-12-28,Tuesday,1,0,1,0.5,0.0,0.5
400,2021-12-29,Wednesday,31,70,153,0.1220472440944882,0.2755905511811024,0.6023622047244095
401,2021-12-30,Thursday,0,1,1,0.0,0.5,0.5
402,2021-12-31,Friday,0,0,2,0.0,0.0,1.0
403,2022-01-01,Saturday,16,22,84,0.13114754098360656,0.18032786885245902,0.6885245901639344
404,2022-01-02,Sunday,10,40,78,0.078125,0.3125,0.609375
405,2022-01-03,Monday,0,0,1,0.0,0.0,1.0
406,2022-01-04,Tuesday,0,0,1,0.0,0.0,1.0
407,2022-01-05,Wednesday,1,0,0,1.0,0.0,0.0
408,2022-01-06,Thursday,1,0,0,1.0,0.0,0.0
409,2022-01-07,Friday,0,1,0,0.0,1.0,0.0
410,2022-01-08,Saturday,1,1,0,0.5,0.5,0.0
411,2022-01-09,Sunday,17,24,55,0.17708333333333334,0.25,0.5729166666666666
412,2022-01-10,Monday,0,1,1,0.0,0.5,0.5
413,2022-01-11,Tuesday,0,0,2,0.0,0.0,1.0
414,2022-01-12,Wednesday,68,106,166,0.2,0.31176470588235294,0.48823529411764705
415,2022-01-13,Thursday,0,1,0,0.0,1.0,0.0
416,2022-01-14,Friday,53,111,218,0.1387434554973822,0.2905759162303665,0.5706806282722513
417,2022-01-15,Saturday,39,37,113,0.20634920634920634,0.19576719576719576,0.5978835978835979
418,2022-01-16,Sunday,18,31,103,0.11842105263157894,0.20394736842105263,0.6776315789473685
419,2022-01-17,Monday,21,38,96,0.13548387096774195,0.24516129032258063,0.6193548387096774
420,2022-01-18,Tuesday,0,0,1,0.0,0.0,1.0
421,2022-01-19,Wednesday,50,52,120,0.22522522522522523,0.23423423423423423,0.5405405405405406
422,2022-01-20,Thursday,2,10,61,0.0273972602739726,0.136986301369863,0.8356164383561644
423,2022-01-21,Friday,69,70,127,0.2593984962406015,0.2631578947368421,0.4774436090225564
424,2022-01-22,Saturday,20,33,59,0.17857142857142858,0.29464285714285715,0.5267857142857143
425,2022-01-23,Sunday,13,6,20,0.3333333333333333,0.15384615384615385,0.5128205128205128
426,2022-01-24,Monday,1,6,5,0.08333333333333333,0.5,0.4166666666666667
427,2022-01-25,Tuesday,0,1,7,0.0,0.125,0.875
428,2022-01-26,Wednesday,1,1,10,0.08333333333333333,0.08333333333333333,0.8333333333333334
429,2022-01-27,Thursday,10,36,62,0.09259259259259259,0.3333333333333333,0.5740740740740741
430,2022-01-28,Friday,20,41,54,0.17391304347826086,0.3565217391304348,0.46956521739130436
431,2022-01-29,Saturday,15,19,38,0.20833333333333334,0.2638888888888889,0.5277777777777778
432,2022-01-30,Sunday,5,9,22,0.1388888888888889,0.25,0.6111111111111112
433,2022-01-31,Monday,0,8,25,0.0,0.24242424242424243,0.7575757575757576
434,2022-02-01,Tuesday,8,15,46,0.11594202898550725,0.21739130434782608,0.6666666666666666
435,2022-02-02,Wednesday,3,11,23,0.08108108108108109,0.2972972972972973,0.6216216216216216
436,2022-02-03,Thursday,6,5,33,0.13636363636363635,0.11363636363636363,0.75
437,2022-02-04,Friday,29,25,83,0.2116788321167883,0.18248175182481752,0.6058394160583942
438,2022-02-05,Saturday,3,6,24,0.09090909090909091,0.18181818181818182,0.7272727272727273
439,2022-02-06,Sunday,2,5,9,0.125,0.3125,0.5625
440,2022-02-07,Monday,27,58,90,0.15428571428571428,0.3314285714285714,0.5142857142857142
441,2022-02-08,Tuesday,64,89,159,0.20512820512820512,0.28525641025641024,0.5096153846153846
442,2022-02-09,Wednesday,50,102,188,0.14705882352941177,0.3,0.5529411764705883
443,2022-02-10,Thursday,57,99,181,0.16913946587537093,0.29376854599406527,0.5370919881305638
444,2022-02-11,Friday,47,73,167,0.16376306620209058,0.25435540069686413,0.5818815331010453
445,2022-02-12,Saturday,52,62,115,0.22707423580786026,0.27074235807860264,0.5021834061135371
446,2022-02-13,Sunday,22,29,93,0.1527777777777778,0.2013888888888889,0.6458333333333334
447,2022-02-14,Monday,40,64,144,0.16129032258064516,0.25806451612903225,0.5806451612903226
448,2022-02-15,Tuesday,56,68,168,0.1917808219178082,0.2328767123287671,0.5753424657534246
449,2022-02-16,Wednesday,48,106,205,0.13370473537604458,0.29526462395543174,0.5710306406685237
450,2022-02-17,Thursday,58,116,236,0.14146341463414633,0.28292682926829266,0.5756097560975609
451,2022-02-18,Friday,47,79,181,0.15309446254071662,0.25732899022801303,0.5895765472312704
452,2022-02-19,Saturday,22,54,91,0.1317365269461078,0.32335329341317365,0.5449101796407185
453,2022-02-20,Sunday,29,49,102,0.16111111111111112,0.2722222222222222,0.5666666666666667
454,2022-02-21,Monday,41,68,185,0.13945578231292516,0.23129251700680273,0.6292517006802721
455,2022-02-22,Tuesday,79,145,298,0.15134099616858238,0.2777777777777778,0.5708812260536399
456,2022-02-23,Wednesday,70,120,315,0.13861386138613863,0.2376237623762376,0.6237623762376238
457,2022-02-24,Thursday,177,193,346,0.24720670391061453,0.26955307262569833,0.48324022346368717
458,2022-02-25,Friday,93,115,244,0.20575221238938052,0.25442477876106195,0.5398230088495575
459,2022-02-26,Saturday,35,58,143,0.1483050847457627,0.2457627118644068,0.6059322033898306
460,2022-02-27,Sunday,35,87,175,0.11784511784511785,0.29292929292929293,0.5892255892255892
461,2022-02-28,Monday,32,54,141,0.14096916299559473,0.23788546255506607,0.6211453744493393
462,2022-03-01,Tuesday,68,152,229,0.1514476614699332,0.33853006681514475,0.5100222717149221
463,2022-03-02,Wednesday,79,115,186,0.20789473684210527,0.3026315789473684,0.48947368421052634
464,2022-03-03,Thursday,76,121,210,0.18673218673218672,0.2972972972972973,0.515970515970516
465,2022-03-04,Friday,85,133,188,0.20935960591133004,0.3275862068965517,0.4630541871921182
466,2022-03-05,Saturday,38,53,120,0.18009478672985782,0.25118483412322273,0.5687203791469194
467,2022-03-06,Sunday,25,55,108,0.13297872340425532,0.2925531914893617,0.574468085106383
468,2022-03-07,Monday,155,192,259,0.25577557755775576,0.31683168316831684,0.4273927392739274
469,2022-03-08,Tuesday,305,327,522,0.26429809358752165,0.2833622183708839,0.45233968804159447
470,2022-03-09,Wednesday,64,97,192,0.1813031161473088,0.2747875354107649,0.5439093484419264
471,2022-03-10,Thursday,45,53,92,0.23684210526315788,0.2789473684210526,0.4842105263157895
472,2022-03-11,Friday,71,120,322,0.13840155945419103,0.23391812865497075,0.6276803118908382
473,2022-03-12,Saturday,47,81,209,0.1394658753709199,0.2403560830860534,0.6201780415430267
474,2022-03-13,Sunday,38,53,114,0.18536585365853658,0.25853658536585367,0.5560975609756098
475,2022-03-14,Monday,96,106,234,0.22018348623853212,0.24311926605504589,0.536697247706422
476,2022-03-15,Tuesday,167,205,416,0.21192893401015228,0.26015228426395937,0.5279187817258884
477,2022-03-16,Wednesday,186,217,399,0.23192019950124687,0.27057356608478805,0.4975062344139651
478,2022-03-17,Thursday,135,180,352,0.20239880059970014,0.2698650674662669,0.527736131934033
479,2022-03-18,Friday,108,192,345,0.16744186046511628,0.29767441860465116,0.5348837209302325
480,2022-03-19,Saturday,67,124,246,0.15331807780320367,0.2837528604118993,0.562929061784897
481,2022-03-20,Sunday,43,103,162,0.1396103896103896,0.3344155844155844,0.525974025974026
482,2022-03-21,Monday,41,68,124,0.1759656652360515,0.2918454935622318,0.5321888412017167
483,2022-03-22,Tuesday,8,16,39,0.12698412698412698,0.25396825396825395,0.6190476190476191
484,2022-03-23,Wednesday,3,14,51,0.04411764705882353,0.20588235294117646,0.75
485,2022-03-24,Thursday,1,6,12,0.05263157894736842,0.3157894736842105,0.631578947368421
486,2022-03-25,Friday,4,2,5,0.36363636363636365,0.18181818181818182,0.45454545454545453
487,2022-03-26,Saturday,0,1,2,0.0,0.3333333333333333,0.6666666666666666
488,2022-03-27,Sunday,0,1,10,0.0,0.09090909090909091,0.9090909090909091
489,2022-03-28,Monday,1,4,8,0.07692307692307693,0.3076923076923077,0.6153846153846154
490,2022-03-29,Tuesday,0,1,12,0.0,0.07692307692307693,0.9230769230769231
491,2022-03-30,Wednesday,2,1,10,0.15384615384615385,0.07692307692307693,0.7692307692307693
492,2022-03-31,Thursday,1,0,3,0.25,0.0,0.75
493,2022-04-01,Friday,1,2,3,0.16666666666666666,0.3333333333333333,0.5
494,2022-04-02,Saturday,0,0,5,0.0,0.0,1.0
495,2022-04-03,Sunday,1,0,3,0.25,0.0,0.75
496,2022-04-04,Monday,0,1,0,0.0,1.0,0.0
497,2022-04-05,Tuesday,0,1,4,0.0,0.2,0.8
498,2022-04-06,Wednesday,2,1,10,0.15384615384615385,0.07692307692307693,0.7692307692307693
499,2022-04-07,Thursday,0,0,3,0.0,0.0,1.0
500,2022-04-08,Friday,0,0,1,0.0,0.0,1.0
501,2022-04-09,Saturday,0,3,7,0.0,0.3,0.7
502,2022-04-10,Sunday,0,0,1,0.0,0.0,1.0
503,2022-04-11,Monday,1,0,0,1.0,0.0,0.0
504,2022-04-12,Tuesday,28,36,57,0.23140495867768596,0.2975206611570248,0.47107438016528924
505,2022-04-13,Wednesday,99,168,379,0.15325077399380804,0.26006191950464397,0.586687306501548
506,2022-04-14,Thursday,57,115,333,0.11287128712871287,0.22772277227722773,0.6594059405940594
507,2022-04-15,Friday,112,167,468,0.1499330655957162,0.22356091030789826,0.6265060240963856
508,2022-04-16,Saturday,76,99,241,0.18269230769230768,0.23798076923076922,0.5793269230769231
509,2022-04-17,Sunday,78,84,132,0.2653061224489796,0.2857142857142857,0.4489795918367347
510,2022-04-18,Monday,76,95,223,0.19289340101522842,0.24111675126903553,0.565989847715736
511,2022-04-19,Tuesday,82,79,232,0.20865139949109415,0.2010178117048346,0.5903307888040712
512,2022-04-20,Wednesday,103,127,203,0.23787528868360278,0.29330254041570436,0.46882217090069284
513,2022-04-21,Thursday,111,142,309,0.19750889679715303,0.2526690391459075,0.5498220640569395
514,2022-04-22,Friday,129,140,248,0.2495164410058027,0.27079303675048355,0.4796905222437137
515,2022-04-23,Saturday,93,136,167,0.23484848484848486,0.3434343434343434,0.4217171717171717
516,2022-04-24,Sunday,98,108,163,0.26558265582655827,0.2926829268292683,0.44173441734417346
517,2022-04-25,Monday,196,221,321,0.26558265582655827,0.2994579945799458,0.4349593495934959
518,2022-04-26,Tuesday,190,220,332,0.2560646900269542,0.29649595687331537,0.4474393530997305
519,2022-04-27,Wednesday,352,358,517,0.28687856560717195,0.2917685411572942,0.4213528932355338
520,2022-04-28,Thursday,118,166,320,0.19536423841059603,0.27483443708609273,0.5298013245033113
521,2022-04-29,Friday,118,152,424,0.17002881844380405,0.21902017291066284,0.6109510086455331
522,2022-04-30,Saturday,92,95,310,0.1851106639839034,0.19114688128772636,0.6237424547283702
523,2022-05-01,Sunday,21,19,65,0.2,0.18095238095238095,0.6190476190476191
524,2022-05-02,Monday,3,7,42,0.057692307692307696,0.1346153846153846,0.8076923076923077
525,2022-05-03,Tuesday,8,9,68,0.09411764705882353,0.10588235294117647,0.8
526,2022-05-04,Wednesday,4,6,30,0.1,0.15,0.75
527,2022-05-05,Thursday,5,7,42,0.09259259259259259,0.12962962962962962,0.7777777777777778
528,2022-05-06,Friday,5,4,16,0.2,0.16,0.64
529,2022-05-07,Saturday,4,3,13,0.2,0.15,0.65
530,2022-05-08,Sunday,0,0,10,0.0,0.0,1.0
531,2022-05-09,Monday,0,5,8,0.0,0.38461538461538464,0.6153846153846154
532,2022-05-10,Tuesday,4,6,22,0.125,0.1875,0.6875
533,2022-05-11,Wednesday,3,0,12,0.2,0.0,0.8
534,2022-05-12,Thursday,3,5,17,0.12,0.2,0.68
535,2022-05-13,Friday,1,2,13,0.0625,0.125,0.8125
536,2022-05-14,Saturday,2,2,7,0.18181818181818182,0.18181818181818182,0.6363636363636364
537,2022-05-15,Sunday,2,1,6,0.2222222222222222,0.1111111111111111,0.6666666666666666
538,2022-05-16,Monday,2,5,17,0.08333333333333333,0.20833333333333334,0.7083333333333334
539,2022-05-17,Tuesday,0,2,44,0.0,0.043478260869565216,0.9565217391304348
540,2022-05-18,Wednesday,2,1,18,0.09523809523809523,0.047619047619047616,0.8571428571428571
541,2022-05-19,Thursday,0,0,20,0.0,0.0,1.0
542,2022-05-20,Friday,0,6,8,0.0,0.42857142857142855,0.5714285714285714
543,2022-05-21,Saturday,1,0,12,0.07692307692307693,0.0,0.9230769230769231
544,2022-05-22,Sunday,1,0,7,0.125,0.0,0.875
545,2022-05-23,Monday,0,2,10,0.0,0.16666666666666666,0.8333333333333334
546,2022-05-24,Tuesday,1,1,10,0.08333333333333333,0.08333333333333333,0.8333333333333334
547,2022-05-25,Wednesday,3,0,30,0.09090909090909091,0.0,0.9090909090909091
548,2022-05-26,Thursday,1,2,62,0.015384615384615385,0.03076923076923077,0.9538461538461539
549,2022-05-27,Friday,1,1,21,0.043478260869565216,0.043478260869565216,0.9130434782608695
550,2022-05-28,Saturday,0,0,24,0.0,0.0,1.0
551,2022-05-29,Sunday,0,0,4,0.0,0.0,1.0
552,2022-05-30,Monday,3,1,20,0.125,0.041666666666666664,0.8333333333333334
553,2022-05-31,Tuesday,3,1,31,0.08571428571428572,0.02857142857142857,0.8857142857142857
554,2022-06-01,Wednesday,0,0,8,0.0,0.0,1.0
555,2022-06-02,Thursday,0,1,8,0.0,0.1111111111111111,0.8888888888888888
556,2022-06-03,Friday,1,0,15,0.0625,0.0,0.9375
557,2022-06-04,Saturday,0,0,4,0.0,0.0,1.0
558,2022-06-05,Sunday,0,0,7,0.0,0.0,1.0
559,2022-06-06,Monday,0,0,3,0.0,0.0,1.0
560,2022-06-07,Tuesday,2,0,4,0.3333333333333333,0.0,0.6666666666666666
561,2022-06-08,Wednesday,1,1,4,0.16666666666666666,0.16666666666666666,0.6666666666666666
562,2022-06-09,Thursday,0,0,2,0.0,0.0,1.0
563,2022-06-10,Friday,1,2,2,0.2,0.4,0.4
564,2022-06-11,Saturday,0,0,1,0.0,0.0,1.0
565,2022-06-12,Sunday,29,37,110,0.16477272727272727,0.21022727272727273,0.625
566,2022-06-13,Monday,1,2,2,0.2,0.4,0.4
567,2022-06-14,Tuesday,0,0,7,0.0,0.0,1.0
568,2022-06-15,Wednesday,2,5,29,0.05555555555555555,0.1388888888888889,0.8055555555555556
569,2022-06-16,Thursday,1,0,8,0.1111111111111111,0.0,0.8888888888888888
570,2022-06-17,Friday,0,0,5,0.0,0.0,1.0
571,2022-06-18,Saturday,0,0,1,0.0,0.0,1.0
572,2022-06-19,Sunday,43,45,137,0.19111111111111112,0.2,0.6088888888888889
573,2022-06-20,Monday,5,0,4,0.5555555555555556,0.0,0.4444444444444444
574,2022-06-21,Tuesday,2,0,2,0.5,0.0,0.5
575,2022-06-22,Wednesday,3,1,7,0.2727272727272727,0.09090909090909091,0.6363636363636364
576,2022-06-23,Thursday,0,1,0,0.0,1.0,0.0
577,2022-06-24,Friday,171,191,361,0.23651452282157676,0.2641770401106501,0.49930843706777317
578,2022-06-25,Saturday,0,0,5,0.0,0.0,1.0
579,2022-06-26,Sunday,0,0,2,0.0,0.0,1.0
580,2022-06-27,Monday,0,1,4,0.0,0.2,0.8
581,2022-06-28,Tuesday,2,0,10,0.16666666666666666,0.0,0.8333333333333334
582,2022-06-29,Wednesday,1,0,8,0.1111111111111111,0.0,0.8888888888888888
583,2022-06-30,Thursday,0,0,10,0.0,0.0,1.0
584,2022-07-01,Friday,3,0,9,0.25,0.0,0.75
585,2022-07-02,Saturday,0,1,3,0.0,0.25,0.75
586,2022-07-03,Sunday,0,0,2,0.0,0.0,1.0
587,2022-07-04,Monday,1,0,5,0.16666666666666666,0.0,0.8333333333333334
588,2022-07-05,Tuesday,0,0,7,0.0,0.0,1.0
589,2022-07-06,Wednesday,2,1,5,0.25,0.125,0.625
590,2022-07-07,Thursday,0,0,1,0.0,0.0,1.0
591,2022-07-08,Friday,0,0,2,0.0,0.0,1.0
592,2022-07-09,Saturday,51,74,150,0.18545454545454546,0.2690909090909091,0.5454545454545454
593,2022-07-10,Sunday,0,0,1,0.0,0.0,1.0
594,2022-07-11,Monday,0,0,5,0.0,0.0,1.0
595,2022-07-12,Tuesday,2,0,4,0.3333333333333333,0.0,0.6666666666666666
596,2022-07-13,Wednesday,0,0,1,0.0,0.0,1.0
597,2022-07-14,Thursday,0,0,4,0.0,0.0,1.0
598,2022-07-15,Friday,0,0,1,0.0,0.0,1.0
599,2022-07-16,Saturday,61,57,129,0.24696356275303644,0.23076923076923078,0.5222672064777328
600,2022-07-17,Sunday,0,3,1,0.0,0.75,0.25
601,2022-07-18,Monday,0,0,6,0.0,0.0,1.0
602,2022-07-19,Tuesday,0,0,4,0.0,0.0,1.0
603,2022-07-20,Wednesday,0,2,3,0.0,0.4,0.6
604,2022-07-21,Thursday,0,0,4,0.0,0.0,1.0
605,2022-07-22,Friday,0,1,2,0.0,0.3333333333333333,0.6666666666666666
606,2022-07-23,Saturday,26,54,152,0.11206896551724138,0.23275862068965517,0.6551724137931034
607,2022-07-24,Sunday,0,1,0,0.0,1.0,0.0
608,2022-07-25,Monday,29,51,111,0.1518324607329843,0.2670157068062827,0.581151832460733
609,2022-07-26,Tuesday,26,44,125,0.13333333333333333,0.22564102564102564,0.6410256410256411
610,2022-07-27,Wednesday,1,0,8,0.1111111111111111,0.0,0.8888888888888888
611,2022-07-28,Thursday,0,0,1,0.0,0.0,1.0
612,2022-07-29,Friday,1,3,0,0.25,0.75,0.0
613,2022-07-30,Saturday,0,1,6,0.0,0.14285714285714285,0.8571428571428571
614,2022-07-31,Sunday,0,0,6,0.0,0.0,1.0
615,2022-08-01,Monday,0,0,4,0.0,0.0,1.0
616,2022-08-02,Tuesday,0,0,2,0.0,0.0,1.0
617,2022-08-03,Wednesday,0,0,1,0.0,0.0,1.0
618,2022-08-04,Thursday,0,1,2,0.0,0.3333333333333333,0.6666666666666666
619,2022-08-05,Friday,0,0,2,0.0,0.0,1.0
620,2022-08-06,Saturday,0,0,2,0.0,0.0,1.0
621,2022-08-07,Sunday,1,3,6,0.1,0.3,0.6
622,2022-08-08,Monday,0,2,0,0.0,1.0,0.0
623,2022-08-09,Tuesday,0,1,4,0.0,0.2,0.8
624,2022-08-10,Wednesday,0,0,3,0.0,0.0,1.0
625,2022-08-11,Thursday,0,0,1,0.0,0.0,1.0
626,2022-08-12,Friday,0,0,13,0.0,0.0,1.0
627,2022-08-13,Saturday,1,2,10,0.07692307692307693,0.15384615384615385,0.7692307692307693
628,2022-08-14,Sunday,0,1,13,0.0,0.07142857142857142,0.9285714285714286
629,2022-08-15,Monday,0,0,7,0.0,0.0,1.0
630,2022-08-16,Tuesday,0,0,3,0.0,0.0,1.0
631,2022-08-17,Wednesday,1,0,10,0.09090909090909091,0.0,0.9090909090909091
632,2022-08-18,Thursday,0,0,2,0.0,0.0,1.0
633,2022-08-20,Saturday,0,0,3,0.0,0.0,1.0
634,2022-08-21,Sunday,0,0,1,0.0,0.0,1.0
635,2022-08-22,Monday,0,0,2,0.0,0.0,1.0
636,2022-08-23,Tuesday,0,0,5,0.0,0.0,1.0
637,2022-08-24,Wednesday,0,0,1,0.0,0.0,1.0
638,2022-08-25,Thursday,0,0,3,0.0,0.0,1.0
