,Date,count_0,count_1,count_2,status
0,2017-01-01,1,2,2,
1,2017-01-02,0,0,7,
2,2017-01-03,8,6,11,1.0
3,2017-01-04,4,11,7,1.0
4,2017-01-05,1,9,16,1.0
5,2017-01-06,1,0,2,1.0
6,2017-01-07,0,0,1,
7,2017-01-08,2,4,30,
8,2017-01-09,12,6,49,0.0
9,2017-01-10,6,6,28,1.0
10,2017-01-11,0,2,4,0.0
11,2017-01-12,1,1,3,1.0
12,2017-01-13,3,5,0,0.0
13,2017-01-14,3,16,15,
14,2017-01-15,6,13,25,
15,2017-01-16,2,4,11,0.0
16,2017-01-17,2,7,12,1.0
17,2017-01-18,4,8,6,0.0
18,2017-01-19,10,14,27,0.0
19,2017-01-20,4,23,14,1.0
20,2017-01-21,0,5,7,
21,2017-01-22,1,2,0,
22,2017-01-23,1,9,12,1.0
23,2017-01-24,7,14,15,1.0
24,2017-01-25,0,1,3,
25,2017-01-26,1,1,15,
26,2017-01-27,0,0,3,
27,2017-01-30,0,0,1,
28,2017-01-31,0,1,5,
29,2017-02-01,0,2,7,
30,2017-02-02,5,12,8,0.0
31,2017-02-03,2,3,6,1.0
32,2017-02-04,11,11,45,
33,2017-02-05,5,6,28,
34,2017-02-06,1,2,6,1.0
35,2017-02-07,1,1,6,1.0
36,2017-02-08,2,3,13,0.0
37,2017-02-09,5,18,32,1.0
38,2017-02-10,6,13,39,1.0
39,2017-02-11,4,8,23,
40,2017-02-12,2,4,32,
41,2017-02-13,5,3,92,1.0
42,2017-02-14,2,3,20,1.0
43,2017-02-15,3,7,5,1.0
44,2017-02-16,1,3,3,0.0
45,2017-02-17,0,1,1,0.0
46,2017-02-18,1,4,2,
47,2017-02-19,3,2,15,
48,2017-02-20,2,6,2,0.0
49,2017-02-21,3,5,29,1.0
50,2017-02-22,3,4,24,1.0
51,2017-02-23,1,2,32,0.0
52,2017-02-24,4,3,15,0.0
53,2017-02-25,2,3,3,
54,2017-02-26,2,3,1,
55,2017-02-27,1,4,9,
56,2017-02-28,3,12,3,
57,2017-03-01,1,0,7,0.0
58,2017-03-02,7,8,31,1.0
59,2017-03-03,8,7,15,0.0
60,2017-03-04,2,3,1,
61,2017-03-05,2,1,6,
62,2017-03-06,3,4,2,1.0
63,2017-03-07,4,3,1,1.0
64,2017-03-08,4,13,20,1.0
65,2017-03-09,2,6,3,0.0
66,2017-03-10,5,6,8,0.0
67,2017-03-11,0,3,3,
68,2017-03-12,1,9,38,
69,2017-03-13,3,1,31,1.0
70,2017-03-14,0,7,6,1.0
71,2017-03-15,0,6,14,0.0
72,2017-03-16,3,14,72,1.0
73,2017-03-17,3,8,17,1.0
74,2017-03-18,3,13,18,
75,2017-03-19,10,27,57,
76,2017-03-20,1,5,34,1.0
77,2017-03-21,2,3,5,1.0
78,2017-03-22,3,5,13,0.0
79,2017-03-23,8,6,26,1.0
80,2017-03-24,3,3,12,0.0
81,2017-03-25,0,2,10,
82,2017-03-26,0,4,8,
83,2017-03-27,1,1,1,0.0
84,2017-03-28,4,0,13,0.0
85,2017-03-29,2,4,13,0.0
86,2017-03-30,2,6,15,0.0
87,2017-03-31,0,7,7,0.0
88,2017-04-01,3,0,5,
89,2017-04-02,1,2,7,
90,2017-04-03,3,1,6,
91,2017-04-04,4,0,22,
92,2017-04-05,4,6,28,1.0
93,2017-04-06,2,3,8,0.0
94,2017-04-07,2,1,5,0.0
95,2017-04-08,0,2,6,
96,2017-04-09,1,0,43,
97,2017-04-10,0,2,11,1.0
98,2017-04-11,3,2,16,0.0
99,2017-04-12,1,7,17,0.0
100,2017-04-13,7,4,2,1.0
101,2017-04-14,0,3,3,0.0
102,2017-04-15,0,1,0,
103,2017-04-17,1,1,6,0.0
104,2017-04-18,1,2,6,1.0
105,2017-04-19,3,13,47,0.0
106,2017-04-20,6,10,23,0.0
107,2017-04-21,2,3,5,1.0
108,2017-04-22,2,4,12,
109,2017-04-23,1,3,20,
110,2017-04-24,1,4,3,1.0
111,2017-04-25,1,2,5,1.0
112,2017-04-26,0,1,3,1.0
113,2017-04-27,0,1,4,1.0
114,2017-04-28,0,2,8,1.0
115,2017-04-29,6,25,41,
116,2017-04-30,1,5,3,
117,2017-05-01,0,1,0,
118,2017-05-02,2,2,5,1.0
119,2017-05-03,3,2,15,1.0
120,2017-05-04,2,4,10,1.0
121,2017-05-05,9,4,32,0.0
122,2017-05-06,2,13,27,
123,2017-05-07,1,5,10,
124,2017-05-08,0,7,25,1.0
125,2017-05-09,0,1,3,0.0
126,2017-05-10,0,1,0,1.0
127,2017-05-11,3,8,8,1.0
128,2017-05-12,0,7,16,0.0
129,2017-05-13,5,16,46,
130,2017-05-14,1,18,138,
131,2017-05-15,0,4,17,1.0
132,2017-05-16,1,0,13,0.0
133,2017-05-17,0,2,13,0.0
134,2017-05-18,6,8,41,0.0
135,2017-05-19,8,13,45,0.0
136,2017-05-20,4,7,15,
137,2017-05-21,2,6,4,
138,2017-05-22,4,9,34,1.0
139,2017-05-23,2,9,11,1.0
140,2017-05-24,1,4,6,1.0
141,2017-05-25,3,5,3,1.0
142,2017-05-26,1,8,2,0.0
143,2017-05-27,1,7,13,
144,2017-05-28,3,2,7,
145,2017-05-29,0,0,2,
146,2017-05-30,1,2,2,
147,2017-05-31,5,15,24,0.0
148,2017-06-01,3,9,20,1.0
149,2017-06-02,14,16,52,1.0
150,2017-06-03,4,5,16,
151,2017-06-04,1,2,3,
152,2017-06-05,2,6,9,1.0
153,2017-06-06,1,5,5,0.0
154,2017-06-07,1,0,4,1.0
155,2017-06-08,2,4,6,1.0
156,2017-06-09,3,0,7,0.0
157,2017-06-10,5,1,9,
158,2017-06-11,0,2,4,
159,2017-06-12,1,0,4,0.0
160,2017-06-13,2,6,6,1.0
161,2017-06-14,1,3,7,0.0
162,2017-06-15,2,3,0,1.0
163,2017-06-16,4,5,12,1.0
164,2017-06-17,5,20,29,
165,2017-06-18,1,2,17,
166,2017-06-19,2,17,11,1.0
167,2017-06-20,3,17,22,1.0
168,2017-06-21,7,6,19,1.0
169,2017-06-22,3,8,8,1.0
170,2017-06-23,4,5,23,0.0
171,2017-06-24,5,10,28,
172,2017-06-25,1,0,3,
173,2017-06-26,2,4,30,1.0
174,2017-06-27,4,7,28,0.0
175,2017-06-28,4,5,10,0.0
176,2017-06-29,4,6,20,1.0
177,2017-06-30,3,6,14,0.0
178,2017-07-01,2,3,15,
179,2017-07-02,0,2,1,
180,2017-07-03,3,6,7,1.0
181,2017-07-04,3,12,26,0.0
182,2017-07-05,2,4,5,1.0
183,2017-07-06,3,3,6,0.0
184,2017-07-07,5,14,32,0.0
185,2017-07-08,8,16,36,
186,2017-07-09,5,6,15,
187,2017-07-10,2,3,14,0.0
188,2017-07-11,1,5,4,1.0
189,2017-07-12,1,1,6,1.0
190,2017-07-13,0,2,4,1.0
191,2017-07-14,1,0,1,0.0
192,2017-07-15,3,2,4,
193,2017-07-16,1,2,0,
194,2017-07-17,1,12,7,1.0
195,2017-07-18,3,5,18,1.0
196,2017-07-19,5,7,27,1.0
197,2017-07-20,4,4,19,0.0
198,2017-07-21,3,5,4,0.0
199,2017-07-22,0,2,2,
200,2017-07-24,2,2,4,1.0
201,2017-07-25,1,4,10,1.0
202,2017-07-26,0,2,6,0.0
203,2017-07-27,10,15,25,1.0
204,2017-07-28,4,12,18,0.0
205,2017-07-29,5,14,35,
206,2017-07-30,3,3,31,
207,2017-07-31,4,4,17,1.0
208,2017-08-01,4,9,11,1.0
209,2017-08-02,1,8,8,1.0
210,2017-08-03,0,1,5,0.0
211,2017-08-04,0,5,5,1.0
212,2017-08-05,0,1,2,
213,2017-08-06,1,1,2,
214,2017-08-07,0,0,2,1.0
215,2017-08-08,0,2,4,0.0
216,2017-08-09,0,6,7,0.0
217,2017-08-10,2,4,10,0.0
218,2017-08-11,2,2,10,0.0
219,2017-08-12,4,0,3,
220,2017-08-13,8,10,34,
221,2017-08-14,10,11,27,0.0
222,2017-08-15,12,11,18,1.0
223,2017-08-16,5,1,4,0.0
224,2017-08-17,1,8,3,1.0
225,2017-08-18,8,13,20,0.0
226,2017-08-19,0,6,7,
227,2017-08-20,0,4,10,
228,2017-08-21,5,3,8,1.0
229,2017-08-22,7,10,48,1.0
230,2017-08-23,2,1,13,1.0
231,2017-08-24,3,6,14,1.0
232,2017-08-25,1,6,10,1.0
233,2017-08-26,1,3,5,
234,2017-08-27,2,11,25,
235,2017-08-28,0,3,21,1.0
236,2017-08-29,6,16,15,0.0
237,2017-08-30,0,4,2,1.0
238,2017-08-31,0,0,4,1.0
239,2017-09-01,1,5,2,1.0
240,2017-09-02,2,7,16,
241,2017-09-03,0,0,4,
242,2017-09-04,1,0,6,0.0
243,2017-09-05,3,5,5,1.0
244,2017-09-06,1,7,8,0.0
245,2017-09-07,2,3,14,0.0
246,2017-09-08,2,6,17,1.0
247,2017-09-09,11,6,24,
248,2017-09-10,0,2,5,
249,2017-09-11,1,9,6,0.0
250,2017-09-12,2,6,11,1.0
251,2017-09-13,5,2,3,0.0
252,2017-09-14,0,2,6,1.0
253,2017-09-15,1,1,9,1.0
254,2017-09-16,0,4,1,
255,2017-09-17,3,10,36,
256,2017-09-18,0,2,7,1.0
257,2017-09-19,2,2,3,0.0
258,2017-09-20,1,3,10,0.0
259,2017-09-21,0,0,14,1.0
260,2017-09-22,5,4,32,0.0
261,2017-09-23,1,1,6,
262,2017-09-24,0,1,11,
263,2017-09-25,3,4,10,0.0
264,2017-09-26,4,3,7,0.0
265,2017-09-27,4,3,2,1.0
266,2017-09-28,4,5,24,0.0
267,2017-09-29,15,20,17,1.0
268,2017-09-30,4,4,15,
269,2017-10-01,1,3,19,
270,2017-10-02,4,4,7,1.0
271,2017-10-03,1,2,3,1.0
272,2017-10-04,0,0,2,
273,2017-10-05,1,1,3,1.0
274,2017-10-06,3,4,4,1.0
275,2017-10-07,1,1,6,
276,2017-10-08,0,1,11,
277,2017-10-09,2,4,17,
278,2017-10-10,3,1,21,
279,2017-10-11,6,7,25,1.0
280,2017-10-12,8,10,19,1.0
281,2017-10-13,13,17,40,1.0
282,2017-10-14,3,5,28,
283,2017-10-15,1,0,1,
284,2017-10-16,1,3,5,1.0
285,2017-10-17,3,4,5,0.0
286,2017-10-18,0,2,4,0.0
287,2017-10-19,9,9,13,1.0
288,2017-10-20,0,3,2,0.0
289,2017-10-21,1,0,6,
290,2017-10-22,0,2,7,
291,2017-10-23,1,2,5,1.0
292,2017-10-24,1,2,12,1.0
293,2017-10-25,1,2,15,1.0
294,2017-10-26,4,9,15,0.0
295,2017-10-27,2,4,3,0.0
296,2017-10-28,1,1,4,
297,2017-10-29,3,4,4,
298,2017-10-30,1,1,4,1.0
299,2017-10-31,5,8,20,1.0
300,2017-11-01,6,7,42,1.0
301,2017-11-02,2,0,3,0.0
302,2017-11-03,1,3,12,1.0
303,2017-11-04,1,2,9,
304,2017-11-05,0,2,5,
305,2017-11-06,1,2,4,0.0
306,2017-11-07,3,4,8,1.0
307,2017-11-08,0,1,28,0.0
308,2017-11-09,4,4,14,0.0
309,2017-11-10,1,4,4,0.0
310,2017-11-11,1,7,8,
311,2017-11-12,2,3,5,
312,2017-11-13,2,4,3,0.0
313,2017-11-14,0,3,2,1.0
314,2017-11-15,4,2,3,0.0
315,2017-11-16,3,7,7,0.0
316,2017-11-17,4,15,25,1.0
317,2017-11-18,1,1,15,
318,2017-11-19,1,2,10,
319,2017-11-20,0,1,6,0.0
320,2017-11-21,1,3,2,1.0
321,2017-11-22,4,6,8,1.0
322,2017-11-23,3,4,24,1.0
323,2017-11-24,2,6,6,0.0
324,2017-11-25,1,3,10,
325,2017-11-26,0,0,1,
326,2017-11-27,0,10,5,0.0
327,2017-11-28,0,5,8,0.0
328,2017-11-29,0,2,3,1.0
329,2017-11-30,1,5,4,0.0
330,2017-12-01,0,3,8,1.0
331,2017-12-02,0,3,13,
332,2017-12-03,0,3,8,
333,2017-12-04,0,5,12,1.0
334,2017-12-05,27,18,29,0.0
335,2017-12-06,7,7,14,0.0
336,2017-12-07,17,18,79,0.0
337,2017-12-08,4,1,7,1.0
338,2017-12-09,0,3,5,
339,2017-12-10,3,1,9,
340,2017-12-11,2,3,4,1.0
341,2017-12-12,5,6,10,0.0
342,2017-12-13,7,9,25,1.0
343,2017-12-14,0,1,6,1.0
344,2017-12-15,0,1,2,0.0
345,2017-12-16,2,6,11,
346,2017-12-17,3,5,9,
347,2017-12-18,2,3,8,1.0
348,2017-12-19,4,9,8,0.0
349,2017-12-20,0,3,2,1.0
350,2017-12-21,1,3,0,0.0
351,2017-12-22,4,5,20,1.0
352,2017-12-23,1,3,3,
353,2017-12-24,1,2,4,
354,2017-12-25,1,2,7,0.0
355,2017-12-26,4,4,14,0.0
356,2017-12-27,1,1,0,1.0
357,2017-12-28,0,8,2,1.0
358,2017-12-29,0,1,0,1.0
359,2017-12-30,5,11,46,
360,2017-12-31,1,5,48,
361,2018-01-01,3,11,42,
362,2018-01-02,1,14,28,1.0
363,2018-01-03,3,4,11,1.0
364,2018-01-04,0,5,6,1.0
365,2018-01-05,7,14,27,1.0
366,2018-01-06,4,9,26,
367,2018-01-07,2,12,48,
368,2018-01-08,11,15,93,1.0
369,2018-01-09,3,7,18,0.0
370,2018-01-10,4,13,16,0.0
371,2018-01-11,1,8,20,0.0
372,2018-01-12,1,2,9,1.0
373,2018-01-13,1,4,3,
374,2018-01-14,2,3,39,
375,2018-01-15,14,12,34,1.0
376,2018-01-16,7,20,29,1.0
377,2018-01-17,9,14,24,1.0
378,2018-01-18,5,9,15,1.0
379,2018-01-19,11,19,25,1.0
380,2018-01-20,2,8,20,
381,2018-01-21,6,11,11,
382,2018-01-22,1,5,13,1.0
383,2018-01-23,2,4,9,1.0
384,2018-01-24,0,4,3,0.0
385,2018-01-25,0,2,5,1.0
386,2018-01-26,2,7,4,0.0
387,2018-01-28,0,1,6,
388,2018-01-29,1,5,11,1.0
389,2018-01-30,1,2,10,0.0
390,2018-01-31,2,5,2,1.0
391,2018-02-01,3,10,26,1.0
392,2018-02-02,0,6,8,0.0
393,2018-02-03,1,1,0,
394,2018-02-04,1,1,3,
395,2018-02-05,2,7,11,0.0
396,2018-02-06,14,12,16,0.0
397,2018-02-07,11,18,16,1.0
398,2018-02-08,0,6,11,0.0
399,2018-02-09,12,11,41,0.0
400,2018-02-10,3,2,6,
401,2018-02-11,9,6,13,
402,2018-02-12,4,8,12,1.0
403,2018-02-13,1,3,0,
404,2018-02-14,5,7,35,
405,2018-02-15,1,0,5,
406,2018-02-16,0,1,2,
407,2018-02-17,0,1,4,
408,2018-02-18,3,4,7,
409,2018-02-19,6,3,27,
410,2018-02-20,0,0,2,
411,2018-02-21,0,5,13,1.0
412,2018-02-22,1,10,21,0.0
413,2018-02-23,4,10,23,1.0
414,2018-02-24,2,2,8,
415,2018-02-25,0,2,8,
416,2018-02-26,3,14,36,1.0
417,2018-02-27,7,21,45,0.0
418,2018-02-28,1,2,7,
419,2018-03-01,2,8,35,0.0
420,2018-03-02,4,2,15,0.0
421,2018-03-03,0,2,26,
422,2018-03-04,1,8,15,
423,2018-03-05,12,23,27,0.0
424,2018-03-06,0,2,2,1.0
425,2018-03-07,0,2,4,0.0
426,2018-03-08,10,14,11,1.0
427,2018-03-09,1,7,9,1.0
428,2018-03-10,0,5,12,
429,2018-03-11,3,2,5,
430,2018-03-12,20,28,79,1.0
431,2018-03-13,9,14,33,1.0
432,2018-03-14,4,13,22,0.0
433,2018-03-15,4,14,21,0.0
434,2018-03-16,2,13,12,1.0
435,2018-03-17,0,2,12,
436,2018-03-18,1,0,2,
437,2018-03-19,4,16,21,1.0
438,2018-03-20,6,9,13,0.0
439,2018-03-21,3,11,9,1.0
440,2018-03-22,9,8,2,0.0
441,2018-03-23,5,6,5,0.0
442,2018-03-24,5,4,6,
443,2018-03-25,2,9,21,
444,2018-03-26,7,12,24,1.0
445,2018-03-27,7,20,17,1.0
446,2018-03-28,5,17,28,0.0
447,2018-03-29,1,5,19,0.0
448,2018-03-30,1,10,8,1.0
449,2018-03-31,9,11,67,
450,2018-04-01,6,13,71,
451,2018-04-02,17,30,82,0.0
452,2018-04-03,8,16,40,0.0
453,2018-04-04,8,13,31,
454,2018-04-05,4,6,25,
455,2018-04-06,2,4,31,
456,2018-04-07,3,1,9,
457,2018-04-08,0,0,1,
458,2018-04-09,5,9,7,1.0
459,2018-04-10,4,15,13,1.0
460,2018-04-11,2,9,18,1.0
461,2018-04-12,11,21,23,0.0
462,2018-04-13,4,10,20,1.0
463,2018-04-14,2,7,16,
464,2018-04-15,6,16,19,
465,2018-04-16,3,11,8,0.0
466,2018-04-17,4,10,35,0.0
467,2018-04-18,5,17,32,1.0
468,2018-04-19,41,43,65,1.0
469,2018-04-20,8,26,33,0.0
470,2018-04-21,5,9,36,
471,2018-04-22,5,7,19,
472,2018-04-23,4,8,25,0.0
473,2018-04-24,34,31,46,0.0
474,2018-04-25,20,19,40,0.0
475,2018-04-26,30,41,44,0.0
476,2018-04-27,5,12,17,1.0
477,2018-04-28,2,4,26,
478,2018-04-29,6,15,41,
479,2018-04-30,4,5,8,1.0
480,2018-05-01,0,1,3,
481,2018-05-02,14,18,35,0.0
482,2018-05-03,2,4,0,0.0
483,2018-05-04,3,3,8,1.0
484,2018-05-05,1,4,4,
485,2018-05-06,0,1,0,
486,2018-05-07,0,6,8,1.0
487,2018-05-08,3,8,20,1.0
488,2018-05-09,8,26,57,1.0
489,2018-05-10,5,13,42,1.0
490,2018-05-11,7,8,5,1.0
491,2018-05-12,2,2,10,
492,2018-05-13,0,0,1,
493,2018-05-14,0,4,8,1.0
494,2018-05-15,1,8,17,0.0
495,2018-05-16,2,18,46,1.0
496,2018-05-17,3,21,38,0.0
497,2018-05-18,2,15,6,0.0
498,2018-05-19,0,4,10,
499,2018-05-20,3,9,17,
500,2018-05-21,5,11,10,1.0
501,2018-05-22,14,24,23,0.0
502,2018-05-23,9,18,48,0.0
503,2018-05-24,15,27,26,1.0
504,2018-05-25,5,26,47,1.0
505,2018-05-26,2,7,17,
506,2018-05-27,3,3,8,
507,2018-05-28,4,15,13,1.0
508,2018-05-29,5,33,51,0.0
509,2018-05-30,2,7,11,0.0
510,2018-05-31,6,10,19,1.0
511,2018-06-01,0,7,7,1.0
512,2018-06-02,2,6,3,
513,2018-06-03,1,7,9,
514,2018-06-04,2,6,6,1.0
515,2018-06-05,0,4,10,0.0
516,2018-06-06,1,6,6,1.0
517,2018-06-07,28,34,27,1.0
518,2018-06-08,5,15,20,0.0
519,2018-06-09,0,0,1,
520,2018-06-10,0,3,3,
521,2018-06-11,8,14,5,0.0
522,2018-06-12,7,23,12,0.0
523,2018-06-13,10,32,52,1.0
524,2018-06-14,28,52,104,0.0
525,2018-06-15,1,27,30,1.0
526,2018-06-16,3,8,6,
527,2018-06-17,1,10,5,
528,2018-06-18,1,3,16,
529,2018-06-19,5,10,33,0.0
530,2018-06-20,1,10,13,1.0
531,2018-06-21,0,8,13,1.0
532,2018-06-22,14,21,18,0.0
533,2018-06-23,12,23,40,
534,2018-06-24,5,8,21,
535,2018-06-25,13,12,44,0.0
536,2018-06-26,8,18,31,0.0
537,2018-06-27,5,10,27,0.0
538,2018-06-28,7,4,8,0.0
539,2018-06-29,4,8,7,1.0
540,2018-06-30,1,3,8,
541,2018-07-01,2,2,26,
542,2018-07-02,12,11,28,0.0
543,2018-07-03,5,6,5,0.0
544,2018-07-04,11,12,19,1.0
545,2018-07-05,3,5,2,0.0
546,2018-07-06,4,13,16,0.0
547,2018-07-07,4,5,7,
548,2018-07-08,3,1,5,
549,2018-07-09,0,1,3,1.0
550,2018-07-10,2,4,7,1.0
551,2018-07-11,1,2,3,0.0
552,2018-07-12,1,6,12,1.0
553,2018-07-13,3,6,16,1.0
554,2018-07-14,0,3,9,
555,2018-07-15,2,1,3,
556,2018-07-16,1,7,11,0.0
557,2018-07-17,2,7,11,0.0
558,2018-07-18,15,23,58,1.0
559,2018-07-19,1,4,33,0.0
560,2018-07-20,4,6,6,1.0
561,2018-07-21,1,2,2,
562,2018-07-22,2,4,2,
563,2018-07-23,12,7,32,1.0
564,2018-07-24,14,35,81,1.0
565,2018-07-25,0,5,8,0.0
566,2018-07-26,3,13,15,1.0
567,2018-07-27,2,9,12,1.0
568,2018-07-28,0,1,2,
569,2018-07-29,1,1,3,
570,2018-07-30,1,4,6,0.0
571,2018-07-31,0,0,4,1.0
572,2018-08-01,2,7,18,1.0
573,2018-08-02,6,5,12,0.0
574,2018-08-03,0,3,11,1.0
575,2018-08-04,0,1,4,
576,2018-08-05,0,6,0,
577,2018-08-06,0,4,2,1.0
578,2018-08-07,2,9,8,0.0
579,2018-08-08,0,7,5,1.0
580,2018-08-09,5,7,5,0.0
581,2018-08-10,9,12,26,0.0
582,2018-08-11,2,4,2,
583,2018-08-12,0,2,4,
584,2018-08-13,12,19,45,0.0
585,2018-08-14,8,8,24,1.0
586,2018-08-15,23,23,49,0.0
587,2018-08-16,10,10,29,0.0
588,2018-08-17,1,9,11,1.0
589,2018-08-18,9,13,27,
590,2018-08-19,3,15,23,
591,2018-08-20,0,6,16,1.0
592,2018-08-21,3,6,14,1.0
593,2018-08-22,1,7,24,1.0
594,2018-08-23,24,33,111,1.0
595,2018-08-24,12,13,40,0.0
596,2018-08-25,11,7,25,
597,2018-08-26,6,12,16,
598,2018-08-27,4,8,5,1.0
599,2018-08-28,3,8,10,1.0
600,2018-08-29,2,8,4,1.0
601,2018-08-30,1,8,3,0.0
602,2018-08-31,13,11,43,0.0
603,2018-09-01,4,4,13,
604,2018-09-02,0,1,3,
605,2018-09-03,2,3,4,0.0
606,2018-09-04,2,5,5,1.0
607,2018-09-05,8,7,85,0.0
608,2018-09-06,15,16,173,0.0
609,2018-09-07,6,11,32,0.0
610,2018-09-08,2,4,7,
611,2018-09-09,4,14,39,
612,2018-09-10,4,16,12,0.0
613,2018-09-11,1,7,2,1.0
614,2018-09-12,2,9,5,0.0
615,2018-09-13,2,8,16,1.0
616,2018-09-14,2,3,12,1.0
617,2018-09-16,1,2,2,
618,2018-09-17,7,18,14,0.0
619,2018-09-18,4,12,18,0.0
620,2018-09-19,1,4,5,1.0
621,2018-09-20,2,1,4,0.0
622,2018-09-21,1,4,1,1.0
623,2018-09-22,1,6,7,
624,2018-09-23,2,4,3,
625,2018-09-24,3,3,7,
626,2018-09-25,0,9,4,1.0
627,2018-09-26,0,0,9,0.0
628,2018-09-27,1,4,6,1.0
629,2018-09-28,4,17,13,0.0
630,2018-09-29,4,15,17,
631,2018-09-30,2,2,9,
632,2018-10-01,1,6,11,1.0
633,2018-10-02,2,4,5,0.0
634,2018-10-03,11,13,7,0.0
635,2018-10-04,13,30,42,0.0
636,2018-10-05,6,14,7,0.0
637,2018-10-06,16,16,39,
638,2018-10-07,6,3,8,
639,2018-10-08,1,2,1,0.0
640,2018-10-09,1,4,10,1.0
641,2018-10-10,22,23,13,
642,2018-10-11,25,34,38,0.0
643,2018-10-12,12,6,22,1.0
644,2018-10-13,8,23,18,
645,2018-10-14,4,6,11,
646,2018-10-15,4,12,13,0.0
647,2018-10-16,5,6,9,1.0
648,2018-10-17,0,3,3,0.0
649,2018-10-18,44,54,150,0.0
650,2018-10-19,33,44,72,0.0
651,2018-10-20,15,24,57,
652,2018-10-21,6,3,15,
653,2018-10-22,1,8,21,1.0
654,2018-10-23,28,29,73,0.0
655,2018-10-24,19,27,62,0.0
656,2018-10-25,8,25,28,0.0
657,2018-10-26,19,28,41,0.0
658,2018-10-27,12,14,9,
659,2018-10-28,36,29,22,
660,2018-10-29,10,7,20,1.0
661,2018-10-30,10,14,24,1.0
662,2018-10-31,10,14,13,1.0
663,2018-11-01,2,13,8,1.0
664,2018-11-02,6,4,18,1.0
665,2018-11-03,2,6,34,
666,2018-11-04,0,1,6,
667,2018-11-05,1,4,14,0.0
668,2018-11-06,23,22,53,0.0
669,2018-11-07,6,14,31,1.0
670,2018-11-08,9,10,31,1.0
671,2018-11-09,31,24,63,0.0
672,2018-11-10,3,9,17,
673,2018-11-11,4,2,9,
674,2018-11-12,7,3,7,1.0
675,2018-11-13,17,16,20,0.0
676,2018-11-14,14,13,18,1.0
677,2018-11-15,6,6,18,1.0
678,2018-11-16,11,12,17,0.0
679,2018-11-17,3,6,5,
680,2018-11-18,5,0,5,
681,2018-11-19,4,4,2,1.0
682,2018-11-20,5,12,9,0.0
683,2018-11-21,11,3,9,0.0
684,2018-11-22,7,12,56,0.0
685,2018-11-23,4,10,35,0.0
686,2018-11-24,2,5,20,
687,2018-11-25,3,5,6,
688,2018-11-26,17,3,22,1.0
689,2018-11-27,10,4,11,1.0
690,2018-11-28,3,5,11,1.0
691,2018-11-29,2,2,5,1.0
692,2018-11-30,7,7,8,1.0
693,2018-12-01,1,3,5,
694,2018-12-02,1,4,5,
695,2018-12-03,7,17,15,1.0
696,2018-12-04,7,6,15,0.0
697,2018-12-05,11,7,13,0.0
698,2018-12-06,17,29,37,0.0
699,2018-12-07,11,14,39,1.0
700,2018-12-08,5,6,26,
701,2018-12-09,2,3,7,
702,2018-12-10,1,4,7,0.0
703,2018-12-11,4,7,22,1.0
704,2018-12-12,1,4,29,1.0
705,2018-12-13,20,22,22,1.0
706,2018-12-14,12,13,48,0.0
707,2018-12-15,1,4,14,
708,2018-12-16,1,9,4,
709,2018-12-17,0,1,9,1.0
710,2018-12-18,1,2,10,0.0
711,2018-12-19,8,13,16,1.0
712,2018-12-20,22,23,51,0.0
713,2018-12-21,16,13,18,1.0
714,2018-12-22,22,15,22,
715,2018-12-23,12,14,22,
716,2018-12-24,3,12,10,0.0
717,2018-12-25,24,10,21,0.0
718,2018-12-26,10,8,12,0.0
719,2018-12-27,13,20,25,1.0
720,2018-12-28,13,20,56,1.0
721,2018-12-29,1,4,2,
722,2018-12-30,6,3,14,
723,2018-12-31,1,2,14,
724,2019-01-01,7,3,19,
725,2019-01-02,9,3,7,0.0
726,2019-01-03,10,4,26,0.0
727,2019-01-04,30,53,38,0.0
728,2019-01-05,6,9,4,
729,2019-01-06,0,6,9,
730,2019-01-07,1,0,7,1.0
731,2019-01-08,9,4,9,0.0
732,2019-01-09,10,5,25,1.0
733,2019-01-10,7,8,12,0.0
734,2019-01-11,6,5,17,1.0
735,2019-01-12,10,5,15,
736,2019-01-13,4,8,17,
737,2019-01-14,2,1,10,0.0
738,2019-01-15,0,1,10,1.0
739,2019-01-16,3,3,19,0.0
740,2019-01-17,3,7,12,1.0
741,2019-01-18,0,3,4,1.0
742,2019-01-19,2,1,7,
743,2019-01-20,1,6,32,
744,2019-01-21,2,6,33,1.0
745,2019-01-22,0,3,11,1.0
746,2019-01-23,0,8,13,0.0
747,2019-01-24,2,3,11,1.0
748,2019-01-25,0,2,5,1.0
749,2019-01-26,0,0,4,
750,2019-01-27,0,3,10,
751,2019-01-28,3,3,15,1.0
752,2019-01-29,0,6,9,0.0
753,2019-01-30,1,6,10,1.0
754,2019-01-31,3,6,47,
755,2019-02-01,0,3,6,
756,2019-02-02,0,0,2,
757,2019-02-03,5,7,21,
758,2019-02-04,1,4,8,
759,2019-02-05,0,0,2,
760,2019-02-06,0,0,4,
761,2019-02-09,3,7,2,
762,2019-02-10,2,8,7,
763,2019-02-11,4,7,11,1.0
764,2019-02-12,12,20,41,1.0
765,2019-02-13,1,2,4,0.0
766,2019-02-14,1,5,13,0.0
767,2019-02-15,3,5,5,0.0
768,2019-02-16,5,15,17,
769,2019-02-17,1,1,7,
770,2019-02-18,0,2,3,1.0
771,2019-02-19,1,2,7,1.0
772,2019-02-20,0,2,9,1.0
773,2019-02-21,1,5,8,1.0
774,2019-02-22,0,0,6,1.0
775,2019-02-23,2,3,28,
776,2019-02-24,2,5,19,
777,2019-02-25,2,3,6,1.0
778,2019-02-26,0,5,7,1.0
779,2019-02-27,3,11,15,0.0
780,2019-02-28,6,12,10,
781,2019-03-01,0,6,1,
782,2019-03-02,2,2,4,
783,2019-03-03,2,2,8,
784,2019-03-04,1,3,7,0.0
785,2019-03-05,11,15,94,0.0
786,2019-03-06,3,7,35,1.0
787,2019-03-07,3,6,18,0.0
788,2019-03-08,8,15,40,0.0
789,2019-03-09,2,8,25,
790,2019-03-10,2,16,19,
791,2019-03-11,3,14,16,1.0
792,2019-03-12,4,14,13,1.0
793,2019-03-13,3,12,37,1.0
794,2019-03-14,2,9,30,0.0
795,2019-03-15,1,8,22,1.0
796,2019-03-16,1,3,10,
797,2019-03-17,2,5,14,
798,2019-03-18,9,10,6,1.0
799,2019-03-19,11,18,32,0.0
800,2019-03-20,3,7,6,1.0
801,2019-03-21,5,12,11,1.0
802,2019-03-22,3,17,21,1.0
803,2019-03-23,10,11,21,
804,2019-03-24,0,2,8,
805,2019-03-25,2,2,8,0.0
806,2019-03-26,0,7,15,1.0
807,2019-03-27,3,11,14,0.0
808,2019-03-28,1,3,10,0.0
809,2019-03-29,2,0,3,1.0
810,2019-03-30,0,1,8,
811,2019-03-31,0,2,0,
812,2019-04-01,0,4,7,1.0
813,2019-04-02,3,2,5,1.0
814,2019-04-03,1,1,10,1.0
815,2019-04-04,0,2,2,
816,2019-04-05,1,3,8,
817,2019-04-06,0,1,6,
818,2019-04-07,1,3,11,
819,2019-04-08,2,5,17,1.0
820,2019-04-09,2,5,16,1.0
821,2019-04-10,4,11,30,1.0
822,2019-04-11,4,6,24,0.0
823,2019-04-12,4,7,3,0.0
824,2019-04-13,2,3,1,
825,2019-04-14,0,3,3,
826,2019-04-15,2,2,30,1.0
827,2019-04-16,0,9,11,1.0
828,2019-04-17,1,5,7,1.0
829,2019-04-18,2,6,4,0.0
830,2019-04-19,1,3,10,1.0
831,2019-04-20,1,4,25,
832,2019-04-21,0,2,4,
833,2019-04-22,0,5,8,1.0
834,2019-04-23,0,3,9,1.0
835,2019-04-24,3,0,1,1.0
836,2019-04-25,1,3,8,1.0
837,2019-04-26,6,6,11,0.0
838,2019-04-27,0,3,3,
839,2019-04-28,0,0,3,
840,2019-04-29,1,0,0,0.0
841,2019-04-30,1,3,8,1.0
842,2019-05-01,1,4,16,
843,2019-05-02,2,6,13,1.0
844,2019-05-03,0,5,0,1.0
845,2019-05-04,3,2,7,
846,2019-05-05,1,3,5,
847,2019-05-06,2,7,7,0.0
848,2019-05-07,0,5,10,1.0
849,2019-05-08,2,3,2,0.0
850,2019-05-09,2,2,12,0.0
851,2019-05-10,3,7,10,0.0
852,2019-05-11,9,6,21,
853,2019-05-12,2,5,27,
854,2019-05-13,1,2,7,0.0
855,2019-05-14,3,2,15,0.0
856,2019-05-15,3,0,8,1.0
857,2019-05-16,3,4,9,0.0
858,2019-05-17,2,4,19,0.0
859,2019-05-18,2,1,2,
860,2019-05-19,1,7,27,
861,2019-05-20,0,1,25,1.0
862,2019-05-21,0,2,12,1.0
863,2019-05-22,0,4,16,0.0
864,2019-05-23,3,2,21,0.0
865,2019-05-24,1,4,13,1.0
866,2019-05-25,0,4,2,
867,2019-05-26,0,1,2,
868,2019-05-27,1,5,2,1.0
869,2019-05-28,2,11,28,0.0
870,2019-05-29,11,21,46,0.0
871,2019-05-30,4,13,37,1.0
872,2019-05-31,4,4,21,1.0
873,2019-06-01,0,2,0,
874,2019-06-02,1,0,4,
875,2019-06-03,2,3,6,1.0
876,2019-06-04,5,11,17,0.0
877,2019-06-05,3,4,17,1.0
878,2019-06-06,1,0,2,0.0
879,2019-06-07,1,0,2,
880,2019-06-08,0,1,0,
881,2019-06-09,2,3,2,
882,2019-06-10,3,4,9,1.0
883,2019-06-11,0,4,4,1.0
884,2019-06-12,1,9,6,1.0
885,2019-06-13,2,3,0,0.0
886,2019-06-14,1,1,7,0.0
887,2019-06-15,3,1,6,
888,2019-06-16,2,2,3,
889,2019-06-17,1,8,21,1.0
890,2019-06-18,0,2,7,1.0
891,2019-06-19,1,2,13,1.0
892,2019-06-20,1,0,9,1.0
893,2019-06-21,2,4,4,1.0
894,2019-06-22,3,6,16,
895,2019-06-23,4,5,12,
896,2019-06-24,1,7,17,0.0
897,2019-06-25,7,8,24,0.0
898,2019-06-26,5,6,25,0.0
899,2019-06-27,1,5,3,1.0
900,2019-06-28,0,5,16,0.0
901,2019-06-29,1,2,7,
902,2019-06-30,4,11,40,
903,2019-07-01,0,1,9,1.0
904,2019-07-02,1,3,9,0.0
905,2019-07-03,1,7,19,0.0
906,2019-07-04,1,5,10,1.0
907,2019-07-05,3,1,2,1.0
908,2019-07-06,1,2,2,
909,2019-07-07,0,1,1,
910,2019-07-08,0,0,3,0.0
911,2019-07-09,2,8,7,0.0
912,2019-07-10,4,12,20,1.0
913,2019-07-11,3,8,22,1.0
914,2019-07-12,4,8,27,0.0
915,2019-07-13,2,2,2,
916,2019-07-14,1,3,20,
917,2019-07-15,2,3,12,1.0
918,2019-07-16,0,2,15,1.0
919,2019-07-17,1,2,6,0.0
920,2019-07-18,0,4,6,0.0
921,2019-07-19,1,0,3,1.0
922,2019-07-20,1,0,1,
923,2019-07-21,2,2,5,
924,2019-07-22,1,2,8,1.0
925,2019-07-23,2,4,12,1.0
926,2019-07-24,1,1,4,0.0
927,2019-07-25,0,1,11,1.0
928,2019-07-26,1,1,9,0.0
929,2019-07-27,0,1,5,
930,2019-07-28,0,0,1,
931,2019-07-29,1,0,2,0.0
932,2019-07-30,4,11,16,0.0
933,2019-07-31,4,12,10,0.0
934,2019-08-01,2,4,2,0.0
935,2019-08-02,1,1,3,0.0
936,2019-08-03,1,1,3,
937,2019-08-04,1,2,5,
938,2019-08-05,1,1,10,0.0
939,2019-08-06,1,1,2,0.0
940,2019-08-07,2,2,6,0.0
941,2019-08-08,2,6,6,1.0
942,2019-08-09,0,1,7,
943,2019-08-10,4,2,8,
944,2019-08-11,0,3,0,
945,2019-08-12,3,2,3,0.0
946,2019-08-13,1,6,22,0.0
947,2019-08-14,7,16,24,1.0
948,2019-08-15,13,9,29,0.0
949,2019-08-16,0,6,13,1.0
950,2019-08-17,2,7,13,
951,2019-08-18,6,4,12,
952,2019-08-19,3,5,6,1.0
953,2019-08-20,1,3,10,1.0
954,2019-08-21,4,6,13,1.0
955,2019-08-22,0,1,20,1.0
956,2019-08-23,0,5,9,1.0
957,2019-08-24,2,4,3,
958,2019-08-25,1,2,4,
959,2019-08-26,0,1,5,0.0
960,2019-08-27,0,4,5,1.0
961,2019-08-28,4,6,18,1.0
962,2019-08-29,0,6,13,1.0
963,2019-08-30,1,3,15,1.0
964,2019-08-31,0,0,4,
965,2019-09-01,0,0,5,
966,2019-09-02,1,2,6,1.0
967,2019-09-03,0,1,18,0.0
968,2019-09-04,6,14,17,1.0
969,2019-09-05,6,8,33,1.0
970,2019-09-06,3,3,33,1.0
971,2019-09-07,4,1,10,
972,2019-09-08,0,5,7,
973,2019-09-09,3,5,33,
974,2019-09-10,3,9,91,0.0
975,2019-09-11,3,6,37,1.0
976,2019-09-12,2,0,5,1.0
977,2019-09-14,0,2,3,
978,2019-09-15,1,10,10,
979,2019-09-16,1,4,15,1.0
980,2019-09-17,5,12,18,0.0
981,2019-09-18,0,3,13,1.0
982,2019-09-19,3,6,17,0.0
983,2019-09-20,0,3,9,1.0
984,2019-09-21,0,3,13,
985,2019-09-22,0,0,7,
986,2019-09-23,0,4,4,0.0
987,2019-09-24,7,4,11,0.0
988,2019-09-25,0,5,8,0.0
989,2019-09-26,2,3,9,0.0
990,2019-09-27,1,4,31,0.0
991,2019-09-28,5,3,38,
992,2019-09-29,0,2,17,
993,2019-09-30,5,4,47,
994,2019-10-01,2,8,20,1.0
995,2019-10-02,4,4,13,0.0
996,2019-10-03,4,8,12,0.0
997,2019-10-04,1,2,5,1.0
998,2019-10-05,3,1,8,
999,2019-10-06,0,0,4,
1000,2019-10-07,0,1,17,1.0
1001,2019-10-08,0,1,2,1.0
1002,2019-10-09,0,5,6,0.0
1003,2019-10-10,0,1,1,
1004,2019-10-11,1,1,0,
1005,2019-10-12,0,0,3,
1006,2019-10-13,1,3,1,
1007,2019-10-14,1,2,10,1.0
1008,2019-10-15,0,3,8,1.0
1009,2019-10-16,1,1,3,1.0
1010,2019-10-17,0,3,4,1.0
1011,2019-10-18,2,2,13,0.0
1012,2019-10-19,0,0,8,
1013,2019-10-20,0,2,7,
1014,2019-10-21,1,0,14,1.0
1015,2019-10-22,2,3,10,1.0
1016,2019-10-23,2,3,3,0.0
1017,2019-10-24,15,21,8,1.0
1018,2019-10-25,3,7,11,0.0
1019,2019-10-26,3,12,17,
1020,2019-10-27,4,11,14,
1021,2019-10-28,4,16,37,1.0
1022,2019-10-29,3,13,28,1.0
1023,2019-10-30,6,19,71,1.0
1024,2019-10-31,5,20,32,0.0
1025,2019-11-01,7,14,25,1.0
1026,2019-11-02,0,4,4,
1027,2019-11-03,2,2,4,
1028,2019-11-04,3,7,5,1.0
1029,2019-11-05,7,5,11,1.0
1030,2019-11-06,3,11,15,1.0
1031,2019-11-07,0,8,16,0.0
1032,2019-11-08,0,6,4,0.0
1033,2019-11-09,0,0,7,
1034,2019-11-10,0,1,2,
1035,2019-11-11,0,2,1,0.0
1036,2019-11-12,0,0,6,1.0
1037,2019-11-13,1,5,15,0.0
1038,2019-11-14,7,8,36,0.0
1039,2019-11-15,3,8,14,1.0
1040,2019-11-16,2,4,21,
1041,2019-11-17,1,10,8,
1042,2019-11-18,2,6,26,1.0
1043,2019-11-19,7,12,41,1.0
1044,2019-11-20,3,7,39,0.0
1045,2019-11-21,12,23,37,0.0
1046,2019-11-22,8,10,25,1.0
1047,2019-11-23,3,3,4,
1048,2019-11-24,3,3,19,
1049,2019-11-25,5,9,17,0.0
1050,2019-11-26,3,4,27,1.0
1051,2019-11-27,4,5,23,1.0
1052,2019-11-28,2,14,38,0.0
1053,2019-11-29,3,10,20,0.0
1054,2019-11-30,1,6,16,
1055,2019-12-01,5,10,26,
1056,2019-12-02,1,2,25,1.0
1057,2019-12-03,2,9,15,1.0
1058,2019-12-04,8,8,57,0.0
1059,2019-12-05,4,10,51,1.0
1060,2019-12-06,3,2,21,1.0
1061,2019-12-07,1,2,29,
1062,2019-12-08,1,8,26,
1063,2019-12-09,3,7,44,1.0
1064,2019-12-10,1,1,38,0.0
1065,2019-12-11,4,1,27,1.0
1066,2019-12-12,1,4,13,1.0
1067,2019-12-13,2,5,26,1.0
1068,2019-12-14,0,1,6,
1069,2019-12-15,1,2,13,
1070,2019-12-16,2,4,20,1.0
1071,2019-12-17,0,6,14,1.0
1072,2019-12-18,3,4,21,1.0
1073,2019-12-19,2,4,17,0.0
1074,2019-12-20,0,2,12,0.0
1075,2019-12-21,2,4,20,
1076,2019-12-22,0,1,3,
1077,2019-12-23,3,0,5,1.0
1078,2019-12-24,1,3,9,0.0
1079,2019-12-25,0,4,14,1.0
1080,2019-12-26,2,8,17,0.0
1081,2019-12-27,1,9,24,1.0
1082,2019-12-28,0,3,21,
1083,2019-12-29,2,11,32,
1084,2019-12-30,0,6,50,0.0
1085,2019-12-31,3,8,34,0.0
1086,2020-01-01,0,4,8,
1087,2020-01-02,8,17,19,1.0
1088,2020-01-03,5,6,26,1.0
1089,2020-01-04,2,2,16,
1090,2020-01-05,2,11,4,
1091,2020-01-06,2,7,27,0.0
1092,2020-01-07,10,13,27,0.0
1093,2020-01-08,2,10,19,0.0
1094,2020-01-09,5,8,31,1.0
1095,2020-01-10,1,2,22,1.0
1096,2020-01-11,1,5,8,
1097,2020-01-12,3,2,17,
1098,2020-01-13,5,10,21,1.0
1099,2020-01-14,2,8,19,1.0
1100,2020-01-15,7,25,35,0.0
1101,2020-01-16,8,13,24,0.0
1102,2020-01-17,5,4,13,1.0
1103,2020-01-18,1,3,11,
1104,2020-01-19,0,1,4,
1105,2020-01-20,4,3,15,1.0
1106,2020-01-21,1,9,27,
1107,2020-01-22,2,4,8,
1108,2020-01-23,0,2,1,
1109,2020-01-24,1,3,3,
1110,2020-01-25,1,2,2,
1111,2020-01-26,0,1,8,
1112,2020-01-27,1,2,3,
1113,2020-01-28,1,4,6,
1114,2020-01-29,0,3,2,
1115,2020-01-30,3,13,6,0.0
1116,2020-01-31,2,12,37,1.0
1117,2020-02-01,2,5,9,
1118,2020-02-02,1,4,7,
1119,2020-02-03,19,20,34,0.0
1120,2020-02-04,4,14,15,1.0
1121,2020-02-05,0,5,5,1.0
1122,2020-02-06,0,5,13,1.0
1123,2020-02-07,16,14,27,0.0
1124,2020-02-08,6,12,30,
1125,2020-02-09,5,7,36,
1126,2020-02-10,1,6,11,0.0
1127,2020-02-11,3,1,12,1.0
1128,2020-02-12,1,1,5,1.0
1129,2020-02-13,1,1,3,1.0
1130,2020-02-14,2,3,8,1.0
1131,2020-02-15,4,6,10,
1132,2020-02-16,2,5,12,
1133,2020-02-17,5,4,6,0.0
1134,2020-02-18,0,4,5,0.0
1135,2020-02-19,3,2,11,1.0
1136,2020-02-20,1,5,17,0.0
1137,2020-02-21,1,7,35,0.0
1138,2020-02-22,2,6,20,
1139,2020-02-23,6,8,28,
1140,2020-02-24,5,12,37,0.0
1141,2020-02-25,3,2,13,1.0
1142,2020-02-26,4,13,9,0.0
1143,2020-02-27,2,1,14,0.0
1144,2020-02-28,4,13,19,
1145,2020-02-29,13,10,70,
1146,2020-03-01,3,7,21,
1147,2020-03-02,7,8,17,0.0
1148,2020-03-03,2,4,10,1.0
1149,2020-03-04,6,5,11,1.0
1150,2020-03-05,2,3,10,1.0
1151,2020-03-06,7,6,10,0.0
1152,2020-03-07,6,7,15,
1153,2020-03-08,9,6,36,
1154,2020-03-09,29,17,33,0.0
1155,2020-03-10,15,21,45,1.0
1156,2020-03-11,5,7,15,0.0
1157,2020-03-12,53,41,51,0.0
1158,2020-03-13,17,21,32,0.0
1159,2020-03-14,12,20,20,
1160,2020-03-15,4,12,16,
1161,2020-03-16,4,21,41,0.0
1162,2020-03-17,5,8,16,0.0
1163,2020-03-18,31,25,34,0.0
1164,2020-03-19,42,29,48,0.0
1165,2020-03-20,18,35,71,1.0
1166,2020-03-21,10,11,31,
1167,2020-03-22,10,7,21,
1168,2020-03-23,22,11,66,0.0
1169,2020-03-24,11,16,52,1.0
1170,2020-03-25,14,15,78,1.0
1171,2020-03-26,12,17,40,1.0
1172,2020-03-27,4,8,15,0.0
1173,2020-03-28,3,2,10,
1174,2020-03-29,7,9,27,
1175,2020-03-30,2,1,5,0.0
1176,2020-03-31,3,6,12,1.0
1177,2020-04-01,8,6,25,0.0
1178,2020-04-02,2,12,36,
1179,2020-04-03,8,5,49,
1180,2020-04-04,6,5,51,
1181,2020-04-05,8,9,31,
1182,2020-04-06,4,9,23,1.0
1183,2020-04-07,12,13,27,1.0
1184,2020-04-08,3,2,14,1.0
1185,2020-04-09,3,0,9,0.0
1186,2020-04-10,4,1,8,1.0
1187,2020-04-11,0,1,4,
1188,2020-04-12,2,5,16,
1189,2020-04-13,5,7,18,0.0
1190,2020-04-14,8,12,43,1.0
1191,2020-04-15,8,15,18,1.0
1192,2020-04-16,4,4,11,0.0
1193,2020-04-17,5,0,9,1.0
1194,2020-04-18,0,5,12,
1195,2020-04-19,1,0,7,
1196,2020-04-20,20,29,49,0.0
1197,2020-04-21,26,27,42,0.0
1198,2020-04-22,5,3,9,1.0
1199,2020-04-23,0,1,9,1.0
1200,2020-04-24,1,2,14,0.0
1201,2020-04-25,1,6,8,
1202,2020-04-26,2,3,8,
1203,2020-04-27,6,6,7,1.0
1204,2020-04-28,13,5,22,1.0
1205,2020-04-29,2,12,19,1.0
1206,2020-04-30,11,22,33,1.0
1207,2020-05-01,2,2,7,
1208,2020-05-02,2,7,17,
1209,2020-05-03,1,4,10,
1210,2020-05-04,3,7,10,0.0
1211,2020-05-05,0,0,7,1.0
1212,2020-05-06,3,7,6,1.0
1213,2020-05-07,2,4,5,1.0
1214,2020-05-08,4,10,18,1.0
1215,2020-05-09,6,8,10,
1216,2020-05-10,1,0,1,
1217,2020-05-11,1,7,2,1.0
1218,2020-05-12,2,14,23,0.0
1219,2020-05-13,0,3,10,1.0
1220,2020-05-14,0,1,14,0.0
1221,2020-05-15,6,3,14,1.0
1222,2020-05-17,2,3,4,
1223,2020-05-18,1,3,6,0.0
1224,2020-05-19,6,17,31,1.0
1225,2020-05-20,0,8,10,1.0
1226,2020-05-21,0,4,14,1.0
1227,2020-05-22,1,5,3,0.0
1228,2020-05-23,4,4,7,
1229,2020-05-24,1,9,12,
1230,2020-05-25,1,1,4,1.0
1231,2020-05-26,0,0,5,1.0
1232,2020-05-27,2,3,3,1.0
1233,2020-05-28,1,7,10,0.0
1234,2020-05-29,2,14,17,0.0
1235,2020-05-30,3,4,8,
1236,2020-05-31,1,1,7,
1237,2020-06-01,1,5,16,1.0
1238,2020-06-02,5,3,6,1.0
1239,2020-06-03,8,34,30,1.0
1240,2020-06-04,10,20,24,1.0
1241,2020-06-05,10,13,17,1.0
1242,2020-06-06,5,13,15,
1243,2020-06-07,3,11,8,
1244,2020-06-08,2,9,15,1.0
1245,2020-06-09,7,9,19,1.0
1246,2020-06-10,2,0,8,1.0
1247,2020-06-11,16,21,34,0.0
1248,2020-06-12,7,13,25,0.0
1249,2020-06-13,1,4,36,
1250,2020-06-14,2,2,1,
1251,2020-06-15,10,12,17,0.0
1252,2020-06-16,2,17,28,1.0
1253,2020-06-17,7,13,42,1.0
1254,2020-06-18,3,5,31,1.0
1255,2020-06-19,4,5,35,1.0
1256,2020-06-20,2,13,23,
1257,2020-06-21,2,6,10,
1258,2020-06-22,1,2,10,1.0
1259,2020-06-23,4,5,14,1.0
1260,2020-06-24,1,1,5,1.0
1261,2020-06-25,5,7,19,
1262,2020-06-26,2,4,6,
1263,2020-06-27,1,2,11,
1264,2020-06-28,2,4,9,
1265,2020-06-29,2,4,20,0.0
1266,2020-06-30,1,6,21,1.0
1267,2020-07-01,8,4,7,1.0
1268,2020-07-02,0,2,17,1.0
1269,2020-07-03,4,11,28,1.0
1270,2020-07-04,3,6,9,
1271,2020-07-05,0,4,14,
1272,2020-07-06,1,4,21,1.0
1273,2020-07-07,1,8,8,0.0
1274,2020-07-08,10,14,28,1.0
1275,2020-07-09,5,15,25,1.0
1276,2020-07-10,10,7,39,0.0
1277,2020-07-11,3,5,13,
1278,2020-07-12,4,2,24,
1279,2020-07-13,12,10,35,1.0
1280,2020-07-14,14,13,26,0.0
1281,2020-07-15,2,14,31,0.0
1282,2020-07-16,6,7,22,0.0
1283,2020-07-17,1,3,15,1.0
1284,2020-07-18,3,1,13,
1285,2020-07-19,0,7,16,
1286,2020-07-20,1,4,10,0.0
1287,2020-07-21,4,5,21,1.0
1288,2020-07-22,1,6,8,1.0
1289,2020-07-23,3,7,5,0.0
1290,2020-07-24,10,11,12,0.0
1291,2020-07-25,2,8,14,
1292,2020-07-26,2,1,28,
1293,2020-07-27,5,7,18,1.0
1294,2020-07-28,1,4,3,0.0
1295,2020-07-29,1,0,13,0.0
1296,2020-07-30,4,4,5,1.0
1297,2020-07-31,0,0,15,0.0
1298,2020-08-02,0,1,7,
1299,2020-08-03,11,9,16,0.0
1300,2020-08-04,1,9,6,1.0
1301,2020-08-05,0,6,4,1.0
1302,2020-08-06,2,2,11,1.0
1303,2020-08-07,2,3,14,0.0
1304,2020-08-08,2,0,14,
1305,2020-08-09,4,10,39,
1306,2020-08-10,1,5,6,1.0
1307,2020-08-11,4,6,11,0.0
1308,2020-08-12,3,7,48,0.0
1309,2020-08-13,8,8,44,1.0
1310,2020-08-14,9,7,24,1.0
1311,2020-08-15,6,23,46,
1312,2020-08-16,2,6,31,
1313,2020-08-17,6,7,18,1.0
1314,2020-08-18,1,10,14,0.0
1315,2020-08-19,2,2,10,0.0
1316,2020-08-20,11,18,23,0.0
1317,2020-08-21,7,12,39,1.0
1318,2020-08-22,1,6,15,
1319,2020-08-23,2,4,6,
1320,2020-08-24,4,3,25,1.0
1321,2020-08-25,2,5,15,1.0
1322,2020-08-26,5,4,10,1.0
1323,2020-08-27,10,14,9,0.0
1324,2020-08-28,7,7,16,0.0
1325,2020-08-29,2,1,4,
1326,2020-08-30,4,5,21,
1327,2020-08-31,3,2,13,0.0
1328,2020-09-01,2,1,3,1.0
1329,2020-09-02,0,3,29,0.0
1330,2020-09-03,0,1,8,1.0
1331,2020-09-04,1,0,3,0.0
1332,2020-09-05,0,3,17,
1333,2020-09-06,2,0,3,
1334,2020-09-07,6,8,24,0.0
1335,2020-09-08,3,3,23,1.0
1336,2020-09-09,3,6,32,0.0
1337,2020-09-10,2,1,10,1.0
1338,2020-09-11,1,6,7,0.0
1339,2020-09-12,0,0,3,
1340,2020-09-13,0,0,1,
1341,2020-09-14,2,1,6,1.0
1342,2020-09-15,2,3,21,1.0
1343,2020-09-16,5,4,13,1.0
1344,2020-09-17,3,8,16,0.0
1345,2020-09-18,2,5,13,1.0
1346,2020-09-19,3,5,35,
1347,2020-09-20,1,4,26,
1348,2020-09-21,11,11,61,0.0
1349,2020-09-22,6,11,58,0.0
1350,2020-09-23,11,17,19,0.0
1351,2020-09-24,3,3,8,0.0
1352,2020-09-25,3,10,19,0.0
1353,2020-09-26,8,6,12,
1354,2020-09-27,5,11,15,
1355,2020-09-28,7,9,10,1.0
1356,2020-09-29,2,5,10,1.0
1357,2020-09-30,2,6,10,1.0
1358,2020-10-01,1,6,1,
1359,2020-10-02,1,0,5,
1360,2020-10-03,0,1,6,
1361,2020-10-04,0,1,11,
1362,2020-10-05,3,11,34,1.0
1363,2020-10-06,5,8,13,1.0
1364,2020-10-07,1,0,5,1.0
1365,2020-10-08,2,3,7,1.0
1366,2020-10-09,1,6,12,
1367,2020-10-10,0,0,2,
1368,2020-10-11,7,12,40,
1369,2020-10-12,1,7,20,1.0
1370,2020-10-13,1,8,12,0.0
1371,2020-10-14,1,10,16,0.0
1372,2020-10-15,1,7,31,0.0
1373,2020-10-16,0,7,13,0.0
1374,2020-10-17,1,1,9,
1375,2020-10-18,0,0,3,
1376,2020-10-19,1,4,6,1.0
1377,2020-10-20,2,4,2,0.0
1378,2020-10-21,1,9,15,1.0
1379,2020-10-22,6,8,15,1.0
1380,2020-10-23,5,3,15,0.0
1381,2020-10-24,3,9,14,
1382,2020-10-25,1,2,11,
1383,2020-10-26,1,9,22,1.0
1384,2020-10-27,2,4,39,0.0
1385,2020-10-28,5,4,9,0.0
1386,2020-10-29,4,8,12,0.0
1387,2020-10-30,0,4,17,0.0
1388,2020-10-31,0,0,11,
1389,2020-11-01,0,0,2,
1390,2020-11-02,7,1,7,1.0
1391,2020-11-03,5,14,32,1.0
1392,2020-11-04,2,11,6,1.0
1393,2020-11-05,7,11,31,1.0
1394,2020-11-06,1,13,11,1.0
1395,2020-11-07,0,1,7,
1396,2020-11-08,0,1,2,
1397,2020-11-09,1,4,12,1.0
1398,2020-11-10,3,4,10,0.0
1399,2020-11-11,2,2,8,1.0
1400,2020-11-12,5,7,27,0.0
1401,2020-11-13,3,1,8,1.0
1402,2020-11-14,1,3,17,
1403,2020-11-15,2,6,27,
1404,2020-11-16,3,2,38,1.0
1405,2020-11-17,3,13,21,1.0
1406,2020-11-18,2,11,16,1.0
1407,2020-11-19,6,8,34,0.0
1408,2020-11-20,8,18,50,0.0
1409,2020-11-21,3,12,37,
1410,2020-11-22,1,10,47,
1411,2020-11-23,5,17,33,1.0
1412,2020-11-24,0,8,20,0.0
1413,2020-11-25,10,15,30,0.0
1414,2020-11-26,1,9,22,1.0
1415,2020-11-27,10,16,32,1.0
1416,2020-11-28,5,5,37,
1417,2020-11-29,6,16,16,
1418,2020-11-30,3,9,20,0.0
1419,2020-12-01,3,17,22,1.0
1420,2020-12-02,1,8,17,1.0
1421,2020-12-03,3,6,15,0.0
1422,2020-12-04,4,12,11,1.0
1423,2020-12-05,2,6,6,
1424,2020-12-06,2,11,22,
1425,2020-12-07,1,10,12,1.0
1426,2020-12-08,7,21,20,1.0
1427,2020-12-09,4,7,16,1.0
1428,2020-12-10,10,13,25,0.0
1429,2020-12-11,2,6,27,1.0
1430,2020-12-12,1,9,4,
1431,2020-12-13,1,4,12,
1432,2020-12-14,1,3,12,0.0
1433,2020-12-15,2,7,32,0.0
1434,2020-12-16,4,14,33,1.0
1435,2020-12-17,2,5,5,0.0
1436,2020-12-18,1,10,14,0.0
1437,2020-12-19,1,6,5,
1438,2020-12-20,2,4,11,
1439,2020-12-21,0,3,17,1.0
1440,2020-12-22,2,2,5,0.0
1441,2020-12-23,1,8,25,1.0
1442,2020-12-24,0,3,12,1.0
1443,2020-12-25,2,4,7,1.0
1444,2020-12-26,5,9,16,
1445,2020-12-27,11,14,33,
1446,2020-12-28,3,13,44,1.0
1447,2020-12-29,6,8,43,0.0
1448,2020-12-30,10,17,54,1.0
1449,2020-12-31,2,9,23,1.0
1450,2021-01-01,0,1,7,
1451,2021-01-02,3,6,8,
1452,2021-01-03,1,5,29,
1453,2021-01-04,1,12,20,1.0
1454,2021-01-05,7,15,19,1.0
1455,2021-01-06,3,5,6,0.0
1456,2021-01-07,0,6,6,1.0
1457,2021-01-08,5,27,26,1.0
1458,2021-01-09,1,0,1,
1459,2021-01-10,0,1,1,
1460,2021-01-11,0,15,23,1.0
1461,2021-01-12,1,3,23,0.0
1462,2021-01-13,3,6,33,1.0
1463,2021-01-14,2,11,10,0.0
1464,2021-01-15,9,12,9,0.0
1465,2021-01-16,2,1,8,
1466,2021-01-17,14,14,16,
1467,2021-01-18,1,8,11,0.0
1468,2021-01-19,14,31,29,1.0
1469,2021-01-20,12,20,25,0.0
1470,2021-01-21,6,17,35,1.0
1471,2021-01-22,8,16,32,0.0
1472,2021-01-23,4,19,38,
1473,2021-01-24,2,0,6,
1474,2021-01-25,1,3,9,0.0
1475,2021-01-26,1,0,5,0.0
1476,2021-01-27,3,4,6,1.0
1477,2021-01-28,2,5,9,0.0
1478,2021-01-29,3,9,16,0.0
1479,2021-01-30,1,3,3,
1480,2021-01-31,1,1,5,
1481,2021-02-01,0,6,7,1.0
1482,2021-02-02,3,5,14,1.0
1483,2021-02-03,1,5,16,1.0
1484,2021-02-04,1,3,14,0.0
1485,2021-02-05,0,4,9,1.0
1486,2021-02-06,3,3,4,
1487,2021-02-08,2,5,14,
1488,2021-02-09,4,5,12,
1489,2021-02-10,2,2,2,
1490,2021-02-11,0,0,1,
1491,2021-02-12,0,1,1,
1492,2021-02-13,0,0,1,
1493,2021-02-14,0,1,11,
1494,2021-02-15,1,2,8,
1495,2021-02-16,0,1,0,
1496,2021-02-17,2,4,13,1.0
1497,2021-02-18,3,7,15,1.0
1498,2021-02-19,2,8,13,0.0
1499,2021-02-20,1,4,2,
1500,2021-02-21,0,6,15,
1501,2021-02-22,4,7,34,1.0
1502,2021-02-23,0,0,9,1.0
1503,2021-02-24,1,1,10,0.0
1504,2021-02-25,8,7,32,1.0
1505,2021-02-26,0,3,3,0.0
1506,2021-02-27,0,0,6,
1507,2021-02-28,0,0,8,
1508,2021-03-01,0,1,7,
1509,2021-03-02,5,6,11,0.0
1510,2021-03-03,1,1,1,1.0
1511,2021-03-04,0,2,0,0.0
1512,2021-03-05,0,1,3,0.0
1513,2021-03-06,3,4,9,
1514,2021-03-07,0,9,8,
1515,2021-03-08,1,7,10,0.0
1516,2021-03-09,5,6,16,1.0
1517,2021-03-10,4,2,11,1.0
1518,2021-03-11,9,8,15,1.0
1519,2021-03-12,1,4,3,1.0
1520,2021-03-13,2,2,15,
1521,2021-03-14,3,7,12,
1522,2021-03-15,5,6,7,0.0
1523,2021-03-16,5,18,33,1.0
1524,2021-03-17,3,8,25,0.0
1525,2021-03-18,0,8,19,1.0
1526,2021-03-19,1,4,15,0.0
1527,2021-03-20,2,3,11,
1528,2021-03-21,2,1,7,
1529,2021-03-22,2,10,24,1.0
1530,2021-03-23,7,5,11,0.0
1531,2021-03-24,0,2,2,0.0
1532,2021-03-25,1,6,5,1.0
1533,2021-03-26,2,7,4,1.0
1534,2021-03-27,0,4,15,
1535,2021-03-28,9,8,32,
1536,2021-03-29,2,7,13,1.0
1537,2021-03-30,11,11,33,1.0
1538,2021-03-31,4,6,8,0.0
1539,2021-04-01,5,11,14,1.0
1540,2021-04-02,0,6,14,
1541,2021-04-03,2,6,25,
1542,2021-04-04,22,17,73,
1543,2021-04-05,3,6,14,
1544,2021-04-06,4,16,22,
1545,2021-04-07,4,8,21,1.0
1546,2021-04-08,4,8,26,1.0
1547,2021-04-09,7,12,16,0.0
1548,2021-04-10,2,11,15,
1549,2021-04-11,6,5,18,
1550,2021-04-12,3,20,45,1.0
1551,2021-04-13,9,17,38,0.0
1552,2021-04-14,7,28,31,1.0
1553,2021-04-15,8,10,21,1.0
1554,2021-04-16,1,10,17,1.0
1555,2021-04-17,5,15,19,
1556,2021-04-18,1,4,15,
1557,2021-04-19,11,32,34,1.0
1558,2021-04-20,12,24,41,1.0
1559,2021-04-21,6,7,22,0.0
1560,2021-04-22,4,13,9,0.0
1561,2021-04-23,5,16,28,1.0
1562,2021-04-24,2,10,17,
1563,2021-04-25,6,12,35,
1564,2021-04-26,15,20,120,1.0
1565,2021-04-27,4,10,20,1.0
1566,2021-04-28,6,12,18,0.0
1567,2021-04-29,12,6,50,0.0
1568,2021-04-30,12,13,36,
1569,2021-05-01,5,13,36,
1570,2021-05-02,1,7,25,
1571,2021-05-03,4,16,29,0.0
1572,2021-05-04,11,18,23,0.0
1573,2021-05-05,10,10,22,0.0
1574,2021-05-06,3,15,36,1.0
1575,2021-05-07,3,10,17,1.0
1576,2021-05-08,4,5,5,
1577,2021-05-09,1,8,54,
1578,2021-05-10,2,19,53,0.0
1579,2021-05-11,24,26,40,0.0
1580,2021-05-12,26,25,37,0.0
1581,2021-05-13,20,23,30,0.0
1582,2021-05-14,14,16,33,1.0
1583,2021-05-15,49,46,67,
1584,2021-05-16,8,15,14,
1585,2021-05-17,8,10,18,0.0
1586,2021-05-18,15,26,43,1.0
1587,2021-05-19,7,11,39,0.0
1588,2021-05-20,9,13,20,0.0
1589,2021-05-21,7,9,42,1.0
1590,2021-05-22,7,19,35,
1591,2021-05-23,15,12,54,
1592,2021-05-24,1,2,7,1.0
1593,2021-05-25,2,18,21,1.0
1594,2021-05-26,3,21,22,1.0
1595,2021-05-27,3,11,23,0.0
1596,2021-05-28,3,15,10,1.0
1597,2021-05-29,0,8,19,
1598,2021-05-30,4,10,4,
1599,2021-05-31,6,4,22,1.0
1600,2021-06-01,32,29,218,1.0
1601,2021-06-02,28,29,111,1.0
1602,2021-06-03,11,26,68,1.0
1603,2021-06-04,18,21,65,0.0
1604,2021-06-05,13,11,71,
1605,2021-06-06,5,9,46,
1606,2021-06-07,6,12,25,0.0
1607,2021-06-08,6,28,53,0.0
1608,2021-06-09,3,8,6,0.0
1609,2021-06-10,3,9,11,1.0
1610,2021-06-11,5,11,23,1.0
1611,2021-06-12,10,7,66,
1612,2021-06-13,3,6,16,
1613,2021-06-14,2,4,18,
1614,2021-06-15,7,12,12,1.0
1615,2021-06-16,1,7,25,0.0
1616,2021-06-17,2,9,53,1.0
1617,2021-06-18,11,18,29,0.0
1618,2021-06-19,3,10,17,
1619,2021-06-20,7,17,17,
1620,2021-06-21,5,30,30,0.0
1621,2021-06-22,2,9,12,1.0
1622,2021-06-23,15,17,17,1.0
1623,2021-06-24,4,25,22,1.0
1624,2021-06-25,6,17,25,1.0
1625,2021-06-26,2,5,20,
1626,2021-06-27,2,10,25,
1627,2021-06-28,6,20,20,1.0
1628,2021-06-29,6,12,24,1.0
1629,2021-06-30,7,26,24,1.0
1630,2021-07-01,5,26,22,0.0
1631,2021-07-02,5,14,19,0.0
1632,2021-07-03,10,16,14,
1633,2021-07-04,4,5,10,
1634,2021-07-05,6,31,16,1.0
1635,2021-07-06,26,46,24,0.0
1636,2021-07-07,6,17,26,0.0
1637,2021-07-08,2,11,12,1.0
1638,2021-07-09,4,7,12,0.0
1639,2021-07-10,5,5,11,
1640,2021-07-11,2,3,9,
1641,2021-07-12,7,14,20,1.0
1642,2021-07-13,4,9,12,1.0
1643,2021-07-14,5,17,32,0.0
1644,2021-07-15,13,30,29,1.0
1645,2021-07-16,6,12,24,0.0
1646,2021-07-17,5,8,15,
1647,2021-07-18,1,8,8,
1648,2021-07-19,6,14,14,0.0
1649,2021-07-20,7,9,13,0.0
1650,2021-07-21,7,11,12,0.0
1651,2021-07-22,6,8,20,1.0
1652,2021-07-23,3,11,16,1.0
1653,2021-07-24,4,9,9,
1654,2021-07-25,3,4,13,
1655,2021-07-26,5,16,16,0.0
1656,2021-07-27,13,19,45,0.0
1657,2021-07-28,6,13,20,0.0
1658,2021-07-29,1,23,25,1.0
1659,2021-07-30,6,10,19,0.0
1660,2021-07-31,12,20,16,
1661,2021-08-01,1,5,18,
1662,2021-08-02,6,12,33,1.0
1663,2021-08-03,8,17,34,1.0
1664,2021-08-04,6,21,24,1.0
1665,2021-08-05,12,24,69,0.0
1666,2021-08-06,2,4,31,0.0
1667,2021-08-07,3,9,9,
1668,2021-08-08,7,16,25,
1669,2021-08-09,6,8,8,0.0
1670,2021-08-10,4,6,14,0.0
1671,2021-08-11,8,11,21,0.0
1672,2021-08-12,0,3,10,0.0
1673,2021-08-13,7,11,28,0.0
1674,2021-08-14,2,5,15,
1675,2021-08-15,2,3,12,
1676,2021-08-16,3,4,13,0.0
1677,2021-08-17,17,17,23,0.0
1678,2021-08-18,7,8,13,1.0
1679,2021-08-19,11,10,25,0.0
1680,2021-08-20,13,20,52,0.0
1681,2021-08-21,7,6,23,
1682,2021-08-22,4,7,10,
1683,2021-08-23,6,13,22,1.0
1684,2021-08-24,9,5,22,1.0
1685,2021-08-25,5,19,40,1.0
1686,2021-08-26,2,15,11,1.0
1687,2021-08-27,5,5,18,1.0
1688,2021-08-28,1,4,6,
1689,2021-08-29,1,5,8,
1690,2021-08-30,4,14,11,1.0
1691,2021-08-31,2,10,25,1.0
1692,2021-09-01,6,6,25,0.0
1693,2021-09-02,2,3,26,0.0
1694,2021-09-03,3,5,11,1.0
1695,2021-09-04,1,11,34,
1696,2021-09-05,10,4,13,
1697,2021-09-06,3,3,24,0.0
1698,2021-09-07,2,9,30,0.0
1699,2021-09-08,2,2,34,0.0
1700,2021-09-09,3,1,29,1.0
1701,2021-09-10,7,11,59,1.0
1702,2021-09-11,8,19,81,
1703,2021-09-12,0,8,31,
1704,2021-09-13,6,3,21,0.0
1705,2021-09-14,6,9,29,0.0
1706,2021-09-15,4,5,26,0.0
1707,2021-09-16,1,3,21,0.0
1708,2021-09-17,10,9,42,0.0
1709,2021-09-18,0,7,16,
1710,2021-09-19,2,2,11,
1711,2021-09-20,13,3,15,
1712,2021-09-21,4,6,15,
1713,2021-09-22,6,7,18,0.0
1714,2021-09-23,4,15,23,1.0
1715,2021-09-24,5,6,15,1.0
1716,2021-09-25,1,3,13,
1717,2021-09-26,4,4,12,
1718,2021-09-27,3,12,36,1.0
1719,2021-09-28,3,5,12,0.0
1720,2021-09-29,4,12,16,0.0
1721,2021-09-30,2,4,17,1.0
1722,2021-10-01,10,11,16,0.0
1723,2021-10-02,11,12,34,
1724,2021-10-03,0,3,2,
1725,2021-10-04,10,9,27,0.0
1726,2021-10-05,8,13,14,1.0
1727,2021-10-06,10,11,19,0.0
1728,2021-10-07,3,13,4,1.0
1729,2021-10-08,8,26,29,0.0
1730,2021-10-09,6,10,22,
1731,2021-10-10,4,2,16,
1732,2021-10-11,1,3,25,
1733,2021-10-12,6,11,10,0.0
1734,2021-10-13,9,11,20,0.0
1735,2021-10-14,6,9,22,1.0
1736,2021-10-15,10,18,20,1.0
1737,2021-10-16,0,2,7,
1738,2021-10-17,4,6,17,
1739,2021-10-18,5,9,25,0.0
1740,2021-10-19,6,7,13,1.0
1741,2021-10-20,5,8,24,0.0
1742,2021-10-21,4,12,35,1.0
1743,2021-10-22,0,6,18,0.0
1744,2021-10-23,6,21,48,
1745,2021-10-24,2,1,8,
1746,2021-10-25,2,7,7,1.0
1747,2021-10-26,7,6,15,1.0
1748,2021-10-27,3,12,17,1.0
1749,2021-10-28,5,1,19,0.0
1750,2021-10-29,4,4,27,0.0
1751,2021-10-30,4,7,10,
1752,2021-10-31,2,7,18,
1753,2021-11-01,5,8,20,1.0
1754,2021-11-02,3,7,8,0.0
1755,2021-11-03,6,5,4,1.0
1756,2021-11-04,1,3,8,0.0
1757,2021-11-05,0,3,10,1.0
1758,2021-11-06,1,3,6,
1759,2021-11-07,1,5,2,
1760,2021-11-08,6,5,6,1.0
1761,2021-11-09,2,4,6,1.0
1762,2021-11-10,0,5,30,1.0
1763,2021-11-11,3,2,19,0.0
1764,2021-11-12,0,8,10,1.0
1765,2021-11-13,3,3,9,
1766,2021-11-14,0,1,6,
1767,2021-11-15,1,4,16,1.0
1768,2021-11-16,1,4,8,1.0
1769,2021-11-17,0,5,14,1.0
1770,2021-11-18,0,3,22,1.0
1771,2021-11-19,4,6,20,0.0
1772,2021-11-20,0,1,1,
1773,2021-11-21,11,18,11,
1774,2021-11-22,5,3,17,0.0
1775,2021-11-23,4,11,31,0.0
1776,2021-11-24,4,7,17,0.0
1777,2021-11-25,0,2,1,1.0
1778,2021-11-26,7,1,20,0.0
1779,2021-11-27,11,7,29,
1780,2021-11-28,3,8,25,
1781,2021-11-29,9,14,46,0.0
1782,2021-11-30,8,28,42,1.0
1783,2021-12-01,4,7,13,1.0
1784,2021-12-02,6,6,26,1.0
1785,2021-12-03,1,2,5,0.0
1786,2021-12-04,3,4,13,
1787,2021-12-05,1,4,10,
1788,2021-12-06,0,7,19,0.0
1789,2021-12-07,4,4,12,1.0
1790,2021-12-08,0,8,20,1.0
1791,2021-12-09,3,17,24,1.0
1792,2021-12-10,1,6,29,0.0
1793,2021-12-11,0,1,12,
1794,2021-12-12,4,5,14,
1795,2021-12-13,4,3,15,0.0
1796,2021-12-14,2,7,17,0.0
1797,2021-12-15,2,6,14,1.0
1798,2021-12-16,1,4,12,1.0
1799,2021-12-17,1,6,14,1.0
1800,2021-12-18,0,3,8,
1801,2021-12-19,2,3,7,
1802,2021-12-20,5,14,26,0.0
1803,2021-12-21,5,16,25,1.0
1804,2021-12-22,5,13,75,1.0
1805,2021-12-23,6,8,27,1.0
1806,2021-12-24,6,21,35,1.0
1807,2021-12-25,5,9,15,
1808,2021-12-26,3,4,15,
1809,2021-12-27,4,16,29,1.0
1810,2021-12-28,1,9,40,1.0
1811,2021-12-29,7,18,39,1.0
1812,2021-12-30,5,10,49,0.0
1813,2021-12-31,1,9,13,
1814,2022-01-01,3,1,12,
1815,2022-01-02,4,5,32,
1816,2022-01-03,3,8,18,1.0
1817,2022-01-04,3,9,20,1.0
1818,2022-01-05,1,10,16,0.0
1819,2022-01-06,6,12,21,0.0
1820,2022-01-07,3,3,25,0.0
1821,2022-01-08,1,5,16,
1822,2022-01-09,2,4,8,
1823,2022-01-10,6,14,22,1.0
1824,2022-01-11,8,14,11,1.0
1825,2022-01-12,9,13,27,1.0
1826,2022-01-13,5,8,29,1.0
1827,2022-01-14,5,9,32,0.0
1828,2022-01-15,0,2,7,
1829,2022-01-16,0,1,12,
1830,2022-01-17,2,6,14,1.0
1831,2022-01-18,3,11,17,0.0
1832,2022-01-19,4,4,12,0.0
1833,2022-01-20,5,7,32,0.0
1834,2022-01-21,6,9,8,0.0
1835,2022-01-22,4,3,9,
1836,2022-01-23,10,31,42,
1837,2022-01-24,10,15,7,1.0
1838,2022-01-25,4,7,7,0.0
1839,2022-01-26,7,13,15,0.0
1840,2022-01-27,10,11,46,
1841,2022-01-28,1,7,9,
1842,2022-01-29,2,1,5,
1843,2022-01-30,1,3,8,
1844,2022-01-31,3,4,7,
1845,2022-02-01,2,3,12,
1846,2022-02-02,3,5,6,
1847,2022-02-03,2,3,4,
1848,2022-02-04,0,2,13,
1849,2022-02-05,4,6,11,
1850,2022-02-06,0,1,19,
1851,2022-02-07,1,8,11,1.0
1852,2022-02-08,8,8,333,1.0
1853,2022-02-09,7,21,264,1.0
1854,2022-02-10,8,23,55,1.0
1855,2022-02-11,6,5,26,0.0
1856,2022-02-12,5,4,15,
1857,2022-02-13,8,5,9,
1858,2022-02-14,13,14,18,0.0
1859,2022-02-15,4,10,32,0.0
1860,2022-02-16,3,10,55,1.0
1861,2022-02-17,2,10,18,1.0
1862,2022-02-18,5,3,13,0.0
1863,2022-02-19,3,5,10,
1864,2022-02-20,2,2,14,
1865,2022-02-21,5,2,10,0.0
1866,2022-02-22,16,19,31,0.0
1867,2022-02-23,5,13,19,1.0
1868,2022-02-24,1,9,11,0.0
1869,2022-02-25,6,7,13,1.0
1870,2022-02-26,4,3,10,
1871,2022-02-27,0,0,2,
1872,2022-02-28,5,2,9,
1873,2022-03-01,1,10,7,1.0
1874,2022-03-02,1,9,4,0.0
1875,2022-03-03,0,6,5,1.0
1876,2022-03-04,1,4,11,0.0
1877,2022-03-05,0,0,1,
1878,2022-03-06,1,0,2,
1879,2022-03-07,38,37,31,0.0
1880,2022-03-08,32,25,38,0.0
1881,2022-03-09,14,14,67,1.0
1882,2022-03-10,4,8,34,1.0
1883,2022-03-11,9,10,11,0.0
1884,2022-03-12,0,3,9,
1885,2022-03-13,3,1,8,
1886,2022-03-14,1,5,17,0.0
1887,2022-03-15,5,15,26,0.0
1888,2022-03-16,15,21,64,1.0
1889,2022-03-17,6,22,28,1.0
1890,2022-03-18,6,8,22,1.0
1891,2022-03-19,2,11,11,
1892,2022-03-20,2,4,13,
1893,2022-03-21,3,6,11,1.0
1894,2022-03-22,2,12,10,0.0
1895,2022-03-23,6,7,12,1.0
1896,2022-03-24,3,14,22,0.0
1897,2022-03-25,12,20,55,0.0
1898,2022-03-26,0,5,18,
1899,2022-03-27,4,8,33,
1900,2022-03-28,5,9,21,0.0
1901,2022-03-29,21,12,31,1.0
1902,2022-03-30,3,6,15,1.0
1903,2022-03-31,2,2,11,0.0
1904,2022-04-01,0,13,7,0.0
1905,2022-04-02,1,1,6,
1906,2022-04-03,0,1,2,
1907,2022-04-04,0,1,4,
1908,2022-04-05,1,2,10,
1909,2022-04-06,5,6,45,0.0
1910,2022-04-07,11,5,22,0.0
1911,2022-04-08,2,2,4,1.0
1912,2022-04-09,1,2,9,
1913,2022-04-10,2,1,17,
1914,2022-04-11,5,13,9,0.0
1915,2022-04-12,7,5,3,0.0
1916,2022-04-13,7,12,15,1.0
1917,2022-04-14,13,19,26,0.0
1918,2022-04-15,9,23,36,0.0
1919,2022-04-16,3,8,7,
1920,2022-04-17,6,5,48,
1921,2022-04-18,3,7,3,0.0
1922,2022-04-19,6,9,20,1.0
1923,2022-04-20,0,5,21,1.0
1924,2022-04-21,1,6,27,0.0
1925,2022-04-22,4,9,18,0.0
1926,2022-04-23,6,8,19,
1927,2022-04-24,0,5,20,
1928,2022-04-25,14,6,17,0.0
1929,2022-04-26,7,5,7,1.0
1930,2022-04-27,17,23,28,0.0
1931,2022-04-28,13,16,21,1.0
1932,2022-04-29,10,15,11,1.0
1933,2022-04-30,5,4,9,
1934,2022-05-01,0,2,4,
1935,2022-05-02,3,4,11,
1936,2022-05-03,7,9,16,0.0
1937,2022-05-04,2,6,14,1.0
1938,2022-05-05,5,9,5,1.0
1939,2022-05-06,5,7,9,0.0
1940,2022-05-07,11,12,30,
1941,2022-05-08,2,8,5,
1942,2022-05-09,11,5,9,0.0
1943,2022-05-10,8,4,12,1.0
1944,2022-05-11,8,3,8,0.0
1945,2022-05-12,14,16,26,0.0
1946,2022-05-13,5,9,20,1.0
1947,2022-05-14,1,11,7,
1948,2022-05-15,2,3,16,
1949,2022-05-16,4,5,15,1.0
1950,2022-05-17,0,8,26,1.0
1951,2022-05-18,8,10,51,1.0
1952,2022-05-19,12,19,27,0.0
1953,2022-05-20,3,7,13,1.0
1954,2022-05-21,5,3,11,
1955,2022-05-22,2,6,7,
1956,2022-05-23,6,13,11,1.0
1957,2022-05-24,7,5,7,0.0
1958,2022-05-25,6,5,6,1.0
1959,2022-05-26,4,10,19,0.0
1960,2022-05-27,2,6,9,1.0
1961,2022-05-28,0,2,1,
1962,2022-05-29,1,2,10,
1963,2022-05-30,4,14,7,1.0
1964,2022-05-31,5,8,23,1.0
1965,2022-06-01,6,9,21,0.0
1966,2022-06-02,5,6,13,0.0
1967,2022-06-03,0,2,4,
1968,2022-06-04,0,3,12,
1969,2022-06-05,1,2,5,
1970,2022-06-06,1,5,5,1.0
1971,2022-06-07,2,5,6,0.0
1972,2022-06-08,3,8,8,1.0
1973,2022-06-09,1,1,6,0.0
1974,2022-06-10,4,6,27,0.0
1975,2022-06-11,1,8,15,
1976,2022-06-12,9,8,9,
1977,2022-06-13,9,11,10,0.0
1978,2022-06-14,7,4,14,0.0
1979,2022-06-15,1,4,22,0.0
1980,2022-06-16,3,1,11,0.0
1981,2022-06-17,2,2,6,0.0
1982,2022-06-18,2,1,3,
1983,2022-06-19,1,2,8,
1984,2022-06-20,6,3,14,0.0
1985,2022-06-21,6,21,20,1.0
1986,2022-06-22,8,11,19,0.0
1987,2022-06-23,6,7,9,0.0
1988,2022-06-24,3,3,5,1.0
1989,2022-06-25,0,0,4,
1990,2022-06-26,1,2,2,
1991,2022-06-27,7,13,9,1.0
1992,2022-06-28,2,16,11,0.0
1993,2022-06-29,9,31,35,0.0
1994,2022-06-30,10,9,24,0.0
1995,2022-07-01,6,11,38,0.0
1996,2022-07-02,10,7,16,
1997,2022-07-03,8,3,8,
1998,2022-07-04,11,13,26,0.0
1999,2022-07-05,14,21,52,1.0
2000,2022-07-06,12,9,34,0.0
2001,2022-07-07,11,11,13,1.0
2002,2022-07-08,6,18,34,1.0
2003,2022-07-09,1,3,5,
2004,2022-07-10,2,2,9,
2005,2022-07-11,2,7,7,0.0
2006,2022-07-12,13,14,19,0.0
2007,2022-07-13,7,15,16,1.0
2008,2022-07-14,0,7,7,1.0
2009,2022-07-15,6,14,17,1.0
2010,2022-07-16,4,10,17,
2011,2022-07-17,0,5,8,
2012,2022-07-18,5,12,14,1.0
2013,2022-07-19,2,4,13,0.0
2014,2022-07-20,2,1,10,1.0
2015,2022-07-21,3,4,7,1.0
2016,2022-07-22,3,11,22,1.0
2017,2022-07-23,4,4,13,
2018,2022-07-24,2,2,9,
2019,2022-07-25,2,13,12,0.0
2020,2022-07-26,5,12,16,0.0
2021,2022-07-27,4,12,14,1.0
2022,2022-07-28,10,4,24,0.0
2023,2022-07-29,6,14,19,1.0
2024,2022-07-30,8,3,2,
2025,2022-07-31,0,1,6,
2026,2022-08-01,6,6,13,0.0
2027,2022-08-02,17,22,144,0.0
2028,2022-08-03,12,12,79,1.0
2029,2022-08-04,19,12,58,0.0
2030,2022-08-05,13,14,22,1.0
2031,2022-08-06,5,8,30,
2032,2022-08-07,1,4,4,
2033,2022-08-08,1,1,7,0.0
2034,2022-08-09,3,5,8,1.0
2035,2022-08-10,2,12,11,0.0
2036,2022-08-11,3,7,12,1.0
2037,2022-08-12,10,31,143,1.0
2038,2022-08-13,5,18,33,
2039,2022-08-14,7,19,50,
2040,2022-08-15,1,2,17,1.0
2041,2022-08-16,1,3,8,1.0
2042,2022-08-17,7,5,18,1.0
2043,2022-08-18,4,10,34,0.0
2044,2022-08-19,4,4,11,1.0
2045,2022-08-20,0,1,14,
