,Unnamed: 0,Date,count_0,count_1,count_2,status
2,2,2017-01-03,9,8,20,1.0
3,3,2017-01-04,4,11,7,1.0
4,4,2017-01-05,1,9,16,1.0
5,5,2017-01-06,1,0,2,1.0
8,8,2017-01-09,14,10,80,0.0
9,9,2017-01-10,6,6,28,1.0
10,10,2017-01-11,0,2,4,0.0
11,11,2017-01-12,1,1,3,1.0
12,12,2017-01-13,3,5,0,0.0
15,15,2017-01-16,11,33,51,0.0
16,16,2017-01-17,2,7,12,1.0
17,17,2017-01-18,4,8,6,0.0
18,18,2017-01-19,10,14,27,0.0
19,19,2017-01-20,4,23,14,1.0
22,22,2017-01-23,2,16,19,1.0
23,23,2017-01-24,7,14,15,1.0
30,30,2017-02-02,6,17,42,0.0
31,31,2017-02-03,2,3,6,1.0
34,34,2017-02-06,17,19,79,1.0
35,35,2017-02-07,1,1,6,1.0
36,36,2017-02-08,2,3,13,0.0
37,37,2017-02-09,5,18,32,1.0
38,38,2017-02-10,6,13,39,1.0
41,41,2017-02-13,11,15,147,1.0
42,42,2017-02-14,2,3,20,1.0
43,43,2017-02-15,3,7,5,1.0
44,44,2017-02-16,1,3,3,0.0
45,45,2017-02-17,0,1,1,0.0
48,48,2017-02-20,6,12,19,0.0
49,49,2017-02-21,3,5,29,1.0
50,50,2017-02-22,3,4,24,1.0
51,51,2017-02-23,1,2,32,0.0
52,52,2017-02-24,4,3,15,0.0
57,57,2017-03-01,9,22,23,0.0
58,58,2017-03-02,7,8,31,1.0
59,59,2017-03-03,8,7,15,0.0
62,62,2017-03-06,7,8,9,1.0
63,63,2017-03-07,4,3,1,1.0
64,64,2017-03-08,4,13,20,1.0
65,65,2017-03-09,2,6,3,0.0
66,66,2017-03-10,5,6,8,0.0
69,69,2017-03-13,4,13,72,1.0
70,70,2017-03-14,0,7,6,1.0
71,71,2017-03-15,0,6,14,0.0
72,72,2017-03-16,3,14,72,1.0
73,73,2017-03-17,3,8,17,1.0
76,76,2017-03-20,14,45,109,1.0
77,77,2017-03-21,2,3,5,1.0
78,78,2017-03-22,3,5,13,0.0
79,79,2017-03-23,8,6,26,1.0
80,80,2017-03-24,3,3,12,0.0
83,83,2017-03-27,1,7,19,0.0
84,84,2017-03-28,4,0,13,0.0
85,85,2017-03-29,2,4,13,0.0
86,86,2017-03-30,2,6,15,0.0
87,87,2017-03-31,0,7,7,0.0
92,92,2017-04-05,15,9,68,1.0
93,93,2017-04-06,2,3,8,0.0
94,94,2017-04-07,2,1,5,0.0
97,97,2017-04-10,1,4,60,1.0
98,98,2017-04-11,3,2,16,0.0
99,99,2017-04-12,1,7,17,0.0
100,100,2017-04-13,7,4,2,1.0
101,101,2017-04-14,0,3,3,0.0
103,103,2017-04-17,1,2,6,0.0
104,104,2017-04-18,1,2,6,1.0
105,105,2017-04-19,3,13,47,0.0
106,106,2017-04-20,6,10,23,0.0
107,107,2017-04-21,2,3,5,1.0
110,110,2017-04-24,4,11,35,1.0
111,111,2017-04-25,1,2,5,1.0
112,112,2017-04-26,0,1,3,1.0
113,113,2017-04-27,0,1,4,1.0
114,114,2017-04-28,0,2,8,1.0
118,118,2017-05-02,9,33,49,1.0
119,119,2017-05-03,3,2,15,1.0
120,120,2017-05-04,2,4,10,1.0
121,121,2017-05-05,9,4,32,0.0
124,124,2017-05-08,3,25,62,1.0
125,125,2017-05-09,0,1,3,0.0
126,126,2017-05-10,0,1,0,1.0
127,127,2017-05-11,3,8,8,1.0
128,128,2017-05-12,0,7,16,0.0
131,131,2017-05-15,6,38,201,1.0
132,132,2017-05-16,1,0,13,0.0
133,133,2017-05-17,0,2,13,0.0
134,134,2017-05-18,6,8,41,0.0
135,135,2017-05-19,8,13,45,0.0
138,138,2017-05-22,10,22,53,1.0
139,139,2017-05-23,2,9,11,1.0
140,140,2017-05-24,1,4,6,1.0
141,141,2017-05-25,3,5,3,1.0
142,142,2017-05-26,1,8,2,0.0
147,147,2017-05-31,10,26,48,0.0
148,148,2017-06-01,3,9,20,1.0
149,149,2017-06-02,14,16,52,1.0
152,152,2017-06-05,7,13,28,1.0
153,153,2017-06-06,1,5,5,0.0
154,154,2017-06-07,1,0,4,1.0
155,155,2017-06-08,2,4,6,1.0
156,156,2017-06-09,3,0,7,0.0
159,159,2017-06-12,6,3,17,0.0
160,160,2017-06-13,2,6,6,1.0
161,161,2017-06-14,1,3,7,0.0
162,162,2017-06-15,2,3,0,1.0
163,163,2017-06-16,4,5,12,1.0
166,166,2017-06-19,8,39,57,1.0
167,167,2017-06-20,3,17,22,1.0
168,168,2017-06-21,7,6,19,1.0
169,169,2017-06-22,3,8,8,1.0
170,170,2017-06-23,4,5,23,0.0
173,173,2017-06-26,8,14,61,1.0
174,174,2017-06-27,4,7,28,0.0
175,175,2017-06-28,4,5,10,0.0
176,176,2017-06-29,4,6,20,1.0
177,177,2017-06-30,3,6,14,0.0
180,180,2017-07-03,5,11,23,1.0
181,181,2017-07-04,3,12,26,0.0
182,182,2017-07-05,2,4,5,1.0
183,183,2017-07-06,3,3,6,0.0
184,184,2017-07-07,5,14,32,0.0
187,187,2017-07-10,15,25,65,0.0
188,188,2017-07-11,1,5,4,1.0
189,189,2017-07-12,1,1,6,1.0
190,190,2017-07-13,0,2,4,1.0
191,191,2017-07-14,1,0,1,0.0
194,194,2017-07-17,5,16,11,1.0
195,195,2017-07-18,3,5,18,1.0
196,196,2017-07-19,5,7,27,1.0
197,197,2017-07-20,4,4,19,0.0
198,198,2017-07-21,3,5,4,0.0
200,200,2017-07-24,2,4,6,1.0
201,201,2017-07-25,1,4,10,1.0
202,202,2017-07-26,0,2,6,0.0
203,203,2017-07-27,10,15,25,1.0
204,204,2017-07-28,4,12,18,0.0
207,207,2017-07-31,12,21,83,1.0
208,208,2017-08-01,4,9,11,1.0
209,209,2017-08-02,1,8,8,1.0
210,210,2017-08-03,0,1,5,0.0
211,211,2017-08-04,0,5,5,1.0
214,214,2017-08-07,1,2,6,1.0
215,215,2017-08-08,0,2,4,0.0
216,216,2017-08-09,0,6,7,0.0
217,217,2017-08-10,2,4,10,0.0
218,218,2017-08-11,2,2,10,0.0
221,221,2017-08-14,22,21,64,0.0
222,222,2017-08-15,12,11,18,1.0
223,223,2017-08-16,5,1,4,0.0
224,224,2017-08-17,1,8,3,1.0
225,225,2017-08-18,8,13,20,0.0
228,228,2017-08-21,5,13,25,1.0
229,229,2017-08-22,7,10,48,1.0
230,230,2017-08-23,2,1,13,1.0
231,231,2017-08-24,3,6,14,1.0
232,232,2017-08-25,1,6,10,1.0
235,235,2017-08-28,3,17,51,1.0
236,236,2017-08-29,6,16,15,0.0
237,237,2017-08-30,0,4,2,1.0
238,238,2017-08-31,0,0,4,1.0
239,239,2017-09-01,1,5,2,1.0
242,242,2017-09-04,3,7,26,0.0
243,243,2017-09-05,3,5,5,1.0
244,244,2017-09-06,1,7,8,0.0
245,245,2017-09-07,2,3,14,0.0
246,246,2017-09-08,2,6,17,1.0
249,249,2017-09-11,12,17,35,0.0
250,250,2017-09-12,2,6,11,1.0
251,251,2017-09-13,5,2,3,0.0
252,252,2017-09-14,0,2,6,1.0
253,253,2017-09-15,1,1,9,1.0
256,256,2017-09-18,3,16,44,1.0
257,257,2017-09-19,2,2,3,0.0
258,258,2017-09-20,1,3,10,0.0
259,259,2017-09-21,0,0,14,1.0
260,260,2017-09-22,5,4,32,0.0
263,263,2017-09-25,4,6,27,0.0
264,264,2017-09-26,4,3,7,0.0
265,265,2017-09-27,4,3,2,1.0
266,266,2017-09-28,4,5,24,0.0
267,267,2017-09-29,15,20,17,1.0
270,270,2017-10-02,9,11,41,1.0
271,271,2017-10-03,1,2,3,1.0
273,273,2017-10-05,1,1,5,1.0
274,274,2017-10-06,3,4,4,1.0
279,279,2017-10-11,12,14,80,1.0
280,280,2017-10-12,8,10,19,1.0
281,281,2017-10-13,13,17,40,1.0
284,284,2017-10-16,5,8,34,1.0
285,285,2017-10-17,3,4,5,0.0
286,286,2017-10-18,0,2,4,0.0
287,287,2017-10-19,9,9,13,1.0
288,288,2017-10-20,0,3,2,0.0
291,291,2017-10-23,2,4,18,1.0
292,292,2017-10-24,1,2,12,1.0
293,293,2017-10-25,1,2,15,1.0
294,294,2017-10-26,4,9,15,0.0
295,295,2017-10-27,2,4,3,0.0
298,298,2017-10-30,5,6,12,1.0
299,299,2017-10-31,5,8,20,1.0
300,300,2017-11-01,6,7,42,1.0
301,301,2017-11-02,2,0,3,0.0
302,302,2017-11-03,1,3,12,1.0
305,305,2017-11-06,2,6,18,0.0
306,306,2017-11-07,3,4,8,1.0
307,307,2017-11-08,0,1,28,0.0
308,308,2017-11-09,4,4,14,0.0
309,309,2017-11-10,1,4,4,0.0
312,312,2017-11-13,5,14,16,0.0
313,313,2017-11-14,0,3,2,1.0
314,314,2017-11-15,4,2,3,0.0
315,315,2017-11-16,3,7,7,0.0
316,316,2017-11-17,4,15,25,1.0
319,319,2017-11-20,2,4,31,0.0
320,320,2017-11-21,1,3,2,1.0
321,321,2017-11-22,4,6,8,1.0
322,322,2017-11-23,3,4,24,1.0
323,323,2017-11-24,2,6,6,0.0
326,326,2017-11-27,1,13,16,0.0
327,327,2017-11-28,0,5,8,0.0
328,328,2017-11-29,0,2,3,1.0
329,329,2017-11-30,1,5,4,0.0
330,330,2017-12-01,0,3,8,1.0
333,333,2017-12-04,0,11,33,1.0
334,334,2017-12-05,27,18,29,0.0
335,335,2017-12-06,7,7,14,0.0
336,336,2017-12-07,17,18,79,0.0
337,337,2017-12-08,4,1,7,1.0
340,340,2017-12-11,5,7,18,1.0
341,341,2017-12-12,5,6,10,0.0
342,342,2017-12-13,7,9,25,1.0
343,343,2017-12-14,0,1,6,1.0
344,344,2017-12-15,0,1,2,0.0
347,347,2017-12-18,7,14,28,1.0
348,348,2017-12-19,4,9,8,0.0
349,349,2017-12-20,0,3,2,1.0
350,350,2017-12-21,1,3,0,0.0
351,351,2017-12-22,4,5,20,1.0
354,354,2017-12-25,3,7,14,0.0
355,355,2017-12-26,4,4,14,0.0
356,356,2017-12-27,1,1,0,1.0
357,357,2017-12-28,0,8,2,1.0
358,358,2017-12-29,0,1,0,1.0
362,362,2018-01-02,10,41,164,1.0
363,363,2018-01-03,3,4,11,1.0
364,364,2018-01-04,0,5,6,1.0
365,365,2018-01-05,7,14,27,1.0
368,368,2018-01-08,17,36,167,1.0
369,369,2018-01-09,3,7,18,0.0
370,370,2018-01-10,4,13,16,0.0
371,371,2018-01-11,1,8,20,0.0
372,372,2018-01-12,1,2,9,1.0
375,375,2018-01-15,17,19,76,1.0
376,376,2018-01-16,7,20,29,1.0
377,377,2018-01-17,9,14,24,1.0
378,378,2018-01-18,5,9,15,1.0
379,379,2018-01-19,11,19,25,1.0
382,382,2018-01-22,9,24,44,1.0
383,383,2018-01-23,2,4,9,1.0
384,384,2018-01-24,0,4,3,0.0
385,385,2018-01-25,0,2,5,1.0
386,386,2018-01-26,2,7,4,0.0
388,388,2018-01-29,1,6,17,1.0
389,389,2018-01-30,1,2,10,0.0
390,390,2018-01-31,2,5,2,1.0
391,391,2018-02-01,3,10,26,1.0
392,392,2018-02-02,0,6,8,0.0
395,395,2018-02-05,4,9,14,0.0
396,396,2018-02-06,14,12,16,0.0
397,397,2018-02-07,11,18,16,1.0
398,398,2018-02-08,0,6,11,0.0
399,399,2018-02-09,12,11,41,0.0
402,402,2018-02-12,16,16,31,1.0
411,411,2018-02-21,16,24,95,1.0
412,412,2018-02-22,1,10,21,0.0
413,413,2018-02-23,4,10,23,1.0
416,416,2018-02-26,5,18,52,1.0
417,417,2018-02-27,7,21,45,0.0
419,419,2018-03-01,3,10,42,0.0
420,420,2018-03-02,4,2,15,0.0
423,423,2018-03-05,13,33,68,0.0
424,424,2018-03-06,0,2,2,1.0
425,425,2018-03-07,0,2,4,0.0
426,426,2018-03-08,10,14,11,1.0
427,427,2018-03-09,1,7,9,1.0
430,430,2018-03-12,23,35,96,1.0
431,431,2018-03-13,9,14,33,1.0
432,432,2018-03-14,4,13,22,0.0
433,433,2018-03-15,4,14,21,0.0
434,434,2018-03-16,2,13,12,1.0
437,437,2018-03-19,5,18,35,1.0
438,438,2018-03-20,6,9,13,0.0
439,439,2018-03-21,3,11,9,1.0
440,440,2018-03-22,9,8,2,0.0
441,441,2018-03-23,5,6,5,0.0
444,444,2018-03-26,14,25,51,1.0
445,445,2018-03-27,7,20,17,1.0
446,446,2018-03-28,5,17,28,0.0
447,447,2018-03-29,1,5,19,0.0
448,448,2018-03-30,1,10,8,1.0
451,451,2018-04-02,32,54,220,0.0
452,452,2018-04-03,8,16,40,0.0
458,458,2018-04-09,22,33,104,1.0
459,459,2018-04-10,4,15,13,1.0
460,460,2018-04-11,2,9,18,1.0
461,461,2018-04-12,11,21,23,0.0
462,462,2018-04-13,4,10,20,1.0
465,465,2018-04-16,11,34,43,0.0
466,466,2018-04-17,4,10,35,0.0
467,467,2018-04-18,5,17,32,1.0
468,468,2018-04-19,41,43,65,1.0
469,469,2018-04-20,8,26,33,0.0
472,472,2018-04-23,14,24,80,0.0
473,473,2018-04-24,34,31,46,0.0
474,474,2018-04-25,20,19,40,0.0
475,475,2018-04-26,30,41,44,0.0
476,476,2018-04-27,5,12,17,1.0
479,479,2018-04-30,12,24,75,1.0
481,481,2018-05-02,14,19,38,0.0
482,482,2018-05-03,2,4,0,0.0
483,483,2018-05-04,3,3,8,1.0
486,486,2018-05-07,1,11,12,1.0
487,487,2018-05-08,3,8,20,1.0
488,488,2018-05-09,8,26,57,1.0
489,489,2018-05-10,5,13,42,1.0
490,490,2018-05-11,7,8,5,1.0
493,493,2018-05-14,2,6,19,1.0
494,494,2018-05-15,1,8,17,0.0
495,495,2018-05-16,2,18,46,1.0
496,496,2018-05-17,3,21,38,0.0
497,497,2018-05-18,2,15,6,0.0
500,500,2018-05-21,8,24,37,1.0
501,501,2018-05-22,14,24,23,0.0
502,502,2018-05-23,9,18,48,0.0
503,503,2018-05-24,15,27,26,1.0
504,504,2018-05-25,5,26,47,1.0
507,507,2018-05-28,9,25,38,1.0
508,508,2018-05-29,5,33,51,0.0
509,509,2018-05-30,2,7,11,0.0
510,510,2018-05-31,6,10,19,1.0
511,511,2018-06-01,0,7,7,1.0
514,514,2018-06-04,5,19,18,1.0
515,515,2018-06-05,0,4,10,0.0
516,516,2018-06-06,1,6,6,1.0
517,517,2018-06-07,28,34,27,1.0
518,518,2018-06-08,5,15,20,0.0
521,521,2018-06-11,8,17,9,0.0
522,522,2018-06-12,7,23,12,0.0
523,523,2018-06-13,10,32,52,1.0
524,524,2018-06-14,28,52,104,0.0
525,525,2018-06-15,1,27,30,1.0
529,529,2018-06-19,10,31,60,0.0
530,530,2018-06-20,1,10,13,1.0
531,531,2018-06-21,0,8,13,1.0
532,532,2018-06-22,14,21,18,0.0
535,535,2018-06-25,30,43,105,0.0
536,536,2018-06-26,8,18,31,0.0
537,537,2018-06-27,5,10,27,0.0
538,538,2018-06-28,7,4,8,0.0
539,539,2018-06-29,4,8,7,1.0
542,542,2018-07-02,15,16,62,0.0
543,543,2018-07-03,5,6,5,0.0
544,544,2018-07-04,11,12,19,1.0
545,545,2018-07-05,3,5,2,0.0
546,546,2018-07-06,4,13,16,0.0
549,549,2018-07-09,7,7,15,1.0
550,550,2018-07-10,2,4,7,1.0
551,551,2018-07-11,1,2,3,0.0
552,552,2018-07-12,1,6,12,1.0
553,553,2018-07-13,3,6,16,1.0
556,556,2018-07-16,3,11,23,0.0
557,557,2018-07-17,2,7,11,0.0
558,558,2018-07-18,15,23,58,1.0
559,559,2018-07-19,1,4,33,0.0
560,560,2018-07-20,4,6,6,1.0
563,563,2018-07-23,15,13,36,1.0
564,564,2018-07-24,14,35,81,1.0
565,565,2018-07-25,0,5,8,0.0
566,566,2018-07-26,3,13,15,1.0
567,567,2018-07-27,2,9,12,1.0
570,570,2018-07-30,2,6,11,0.0
571,571,2018-07-31,0,0,4,1.0
572,572,2018-08-01,2,7,18,1.0
573,573,2018-08-02,6,5,12,0.0
574,574,2018-08-03,0,3,11,1.0
577,577,2018-08-06,0,11,6,1.0
578,578,2018-08-07,2,9,8,0.0
579,579,2018-08-08,0,7,5,1.0
580,580,2018-08-09,5,7,5,0.0
581,581,2018-08-10,9,12,26,0.0
584,584,2018-08-13,14,25,51,0.0
585,585,2018-08-14,8,8,24,1.0
586,586,2018-08-15,23,23,49,0.0
587,587,2018-08-16,10,10,29,0.0
588,588,2018-08-17,1,9,11,1.0
591,591,2018-08-20,12,34,66,1.0
592,592,2018-08-21,3,6,14,1.0
593,593,2018-08-22,1,7,24,1.0
594,594,2018-08-23,24,33,111,1.0
595,595,2018-08-24,12,13,40,0.0
598,598,2018-08-27,21,27,46,1.0
599,599,2018-08-28,3,8,10,1.0
600,600,2018-08-29,2,8,4,1.0
601,601,2018-08-30,1,8,3,0.0
602,602,2018-08-31,13,11,43,0.0
605,605,2018-09-03,6,8,20,0.0
606,606,2018-09-04,2,5,5,1.0
607,607,2018-09-05,8,7,85,0.0
608,608,2018-09-06,15,16,173,0.0
609,609,2018-09-07,6,11,32,0.0
612,612,2018-09-10,10,34,58,0.0
613,613,2018-09-11,1,7,2,1.0
614,614,2018-09-12,2,9,5,0.0
615,615,2018-09-13,2,8,16,1.0
616,616,2018-09-14,2,3,12,1.0
618,618,2018-09-17,8,20,16,0.0
619,619,2018-09-18,4,12,18,0.0
620,620,2018-09-19,1,4,5,1.0
621,621,2018-09-20,2,1,4,0.0
622,622,2018-09-21,1,4,1,1.0
626,626,2018-09-25,6,22,21,1.0
627,627,2018-09-26,0,0,9,0.0
628,628,2018-09-27,1,4,6,1.0
629,629,2018-09-28,4,17,13,0.0
632,632,2018-10-01,7,23,37,1.0
633,633,2018-10-02,2,4,5,0.0
634,634,2018-10-03,11,13,7,0.0
635,635,2018-10-04,13,30,42,0.0
636,636,2018-10-05,6,14,7,0.0
639,639,2018-10-08,23,21,48,0.0
640,640,2018-10-09,1,4,10,1.0
642,642,2018-10-11,47,57,51,0.0
643,643,2018-10-12,12,6,22,1.0
646,646,2018-10-15,16,41,42,0.0
647,647,2018-10-16,5,6,9,1.0
648,648,2018-10-17,0,3,3,0.0
649,649,2018-10-18,44,54,150,0.0
650,650,2018-10-19,33,44,72,0.0
653,653,2018-10-22,22,35,93,1.0
654,654,2018-10-23,28,29,73,0.0
655,655,2018-10-24,19,27,62,0.0
656,656,2018-10-25,8,25,28,0.0
657,657,2018-10-26,19,28,41,0.0
660,660,2018-10-29,58,50,51,1.0
661,661,2018-10-30,10,14,24,1.0
662,662,2018-10-31,10,14,13,1.0
663,663,2018-11-01,2,13,8,1.0
664,664,2018-11-02,6,4,18,1.0
667,667,2018-11-05,3,11,54,0.0
668,668,2018-11-06,23,22,53,0.0
669,669,2018-11-07,6,14,31,1.0
670,670,2018-11-08,9,10,31,1.0
671,671,2018-11-09,31,24,63,0.0
674,674,2018-11-12,14,14,33,1.0
675,675,2018-11-13,17,16,20,0.0
676,676,2018-11-14,14,13,18,1.0
677,677,2018-11-15,6,6,18,1.0
678,678,2018-11-16,11,12,17,0.0
681,681,2018-11-19,12,10,12,1.0
682,682,2018-11-20,5,12,9,0.0
683,683,2018-11-21,11,3,9,0.0
684,684,2018-11-22,7,12,56,0.0
685,685,2018-11-23,4,10,35,0.0
688,688,2018-11-26,22,13,48,1.0
689,689,2018-11-27,10,4,11,1.0
690,690,2018-11-28,3,5,11,1.0
691,691,2018-11-29,2,2,5,1.0
692,692,2018-11-30,7,7,8,1.0
695,695,2018-12-03,9,24,25,1.0
696,696,2018-12-04,7,6,15,0.0
697,697,2018-12-05,11,7,13,0.0
698,698,2018-12-06,17,29,37,0.0
699,699,2018-12-07,11,14,39,1.0
702,702,2018-12-10,8,13,40,0.0
703,703,2018-12-11,4,7,22,1.0
704,704,2018-12-12,1,4,29,1.0
705,705,2018-12-13,20,22,22,1.0
706,706,2018-12-14,12,13,48,0.0
709,709,2018-12-17,2,14,27,1.0
710,710,2018-12-18,1,2,10,0.0
711,711,2018-12-19,8,13,16,1.0
712,712,2018-12-20,22,23,51,0.0
713,713,2018-12-21,16,13,18,1.0
716,716,2018-12-24,37,41,54,0.0
717,717,2018-12-25,24,10,21,0.0
718,718,2018-12-26,10,8,12,0.0
719,719,2018-12-27,13,20,25,1.0
720,720,2018-12-28,13,20,56,1.0
725,725,2019-01-02,24,15,56,0.0
726,726,2019-01-03,10,4,26,0.0
727,727,2019-01-04,30,53,38,0.0
730,730,2019-01-07,7,15,20,1.0
731,731,2019-01-08,9,4,9,0.0
732,732,2019-01-09,10,5,25,1.0
733,733,2019-01-10,7,8,12,0.0
734,734,2019-01-11,6,5,17,1.0
737,737,2019-01-14,16,14,42,0.0
738,738,2019-01-15,0,1,10,1.0
739,739,2019-01-16,3,3,19,0.0
740,740,2019-01-17,3,7,12,1.0
741,741,2019-01-18,0,3,4,1.0
744,744,2019-01-21,5,13,72,1.0
745,745,2019-01-22,0,3,11,1.0
746,746,2019-01-23,0,8,13,0.0
747,747,2019-01-24,2,3,11,1.0
748,748,2019-01-25,0,2,5,1.0
751,751,2019-01-28,3,6,29,1.0
752,752,2019-01-29,0,6,9,0.0
753,753,2019-01-30,1,6,10,1.0
763,763,2019-02-11,18,42,110,1.0
764,764,2019-02-12,12,20,41,1.0
765,765,2019-02-13,1,2,4,0.0
766,766,2019-02-14,1,5,13,0.0
767,767,2019-02-15,3,5,5,0.0
770,770,2019-02-18,6,18,27,1.0
771,771,2019-02-19,1,2,7,1.0
772,772,2019-02-20,0,2,9,1.0
773,773,2019-02-21,1,5,8,1.0
774,774,2019-02-22,0,0,6,1.0
777,777,2019-02-25,6,11,53,1.0
778,778,2019-02-26,0,5,7,1.0
779,779,2019-02-27,3,11,15,0.0
784,784,2019-03-04,11,25,30,0.0
785,785,2019-03-05,11,15,94,0.0
786,786,2019-03-06,3,7,35,1.0
787,787,2019-03-07,3,6,18,0.0
788,788,2019-03-08,8,15,40,0.0
791,791,2019-03-11,7,38,60,1.0
792,792,2019-03-12,4,14,13,1.0
793,793,2019-03-13,3,12,37,1.0
794,794,2019-03-14,2,9,30,0.0
795,795,2019-03-15,1,8,22,1.0
798,798,2019-03-18,12,18,30,1.0
799,799,2019-03-19,11,18,32,0.0
800,800,2019-03-20,3,7,6,1.0
801,801,2019-03-21,5,12,11,1.0
802,802,2019-03-22,3,17,21,1.0
805,805,2019-03-25,12,15,37,0.0
806,806,2019-03-26,0,7,15,1.0
807,807,2019-03-27,3,11,14,0.0
808,808,2019-03-28,1,3,10,0.0
809,809,2019-03-29,2,0,3,1.0
812,812,2019-04-01,0,7,15,1.0
813,813,2019-04-02,3,2,5,1.0
814,814,2019-04-03,1,1,10,1.0
819,819,2019-04-08,4,14,44,1.0
820,820,2019-04-09,2,5,16,1.0
821,821,2019-04-10,4,11,30,1.0
822,822,2019-04-11,4,6,24,0.0
823,823,2019-04-12,4,7,3,0.0
826,826,2019-04-15,4,8,34,1.0
827,827,2019-04-16,0,9,11,1.0
828,828,2019-04-17,1,5,7,1.0
829,829,2019-04-18,2,6,4,0.0
830,830,2019-04-19,1,3,10,1.0
833,833,2019-04-22,1,11,37,1.0
834,834,2019-04-23,0,3,9,1.0
835,835,2019-04-24,3,0,1,1.0
836,836,2019-04-25,1,3,8,1.0
837,837,2019-04-26,6,6,11,0.0
840,840,2019-04-29,1,3,6,0.0
841,841,2019-04-30,1,3,8,1.0
843,843,2019-05-02,3,10,29,1.0
844,844,2019-05-03,0,5,0,1.0
847,847,2019-05-06,6,12,19,0.0
848,848,2019-05-07,0,5,10,1.0
849,849,2019-05-08,2,3,2,0.0
850,850,2019-05-09,2,2,12,0.0
851,851,2019-05-10,3,7,10,0.0
854,854,2019-05-13,12,13,55,0.0
855,855,2019-05-14,3,2,15,0.0
856,856,2019-05-15,3,0,8,1.0
857,857,2019-05-16,3,4,9,0.0
858,858,2019-05-17,2,4,19,0.0
861,861,2019-05-20,3,9,54,1.0
862,862,2019-05-21,0,2,12,1.0
863,863,2019-05-22,0,4,16,0.0
864,864,2019-05-23,3,2,21,0.0
865,865,2019-05-24,1,4,13,1.0
868,868,2019-05-27,1,10,6,1.0
869,869,2019-05-28,2,11,28,0.0
870,870,2019-05-29,11,21,46,0.0
871,871,2019-05-30,4,13,37,1.0
872,872,2019-05-31,4,4,21,1.0
875,875,2019-06-03,3,5,10,1.0
876,876,2019-06-04,5,11,17,0.0
877,877,2019-06-05,3,4,17,1.0
878,878,2019-06-06,1,0,2,0.0
882,882,2019-06-10,6,8,13,1.0
883,883,2019-06-11,0,4,4,1.0
884,884,2019-06-12,1,9,6,1.0
885,885,2019-06-13,2,3,0,0.0
886,886,2019-06-14,1,1,7,0.0
889,889,2019-06-17,6,11,30,1.0
890,890,2019-06-18,0,2,7,1.0
891,891,2019-06-19,1,2,13,1.0
892,892,2019-06-20,1,0,9,1.0
893,893,2019-06-21,2,4,4,1.0
896,896,2019-06-24,8,18,45,0.0
897,897,2019-06-25,7,8,24,0.0
898,898,2019-06-26,5,6,25,0.0
899,899,2019-06-27,1,5,3,1.0
900,900,2019-06-28,0,5,16,0.0
903,903,2019-07-01,5,14,56,1.0
904,904,2019-07-02,1,3,9,0.0
905,905,2019-07-03,1,7,19,0.0
906,906,2019-07-04,1,5,10,1.0
907,907,2019-07-05,3,1,2,1.0
910,910,2019-07-08,1,3,6,0.0
911,911,2019-07-09,2,8,7,0.0
912,912,2019-07-10,4,12,20,1.0
913,913,2019-07-11,3,8,22,1.0
914,914,2019-07-12,4,8,27,0.0
917,917,2019-07-15,5,8,34,1.0
918,918,2019-07-16,0,2,15,1.0
919,919,2019-07-17,1,2,6,0.0
920,920,2019-07-18,0,4,6,0.0
921,921,2019-07-19,1,0,3,1.0
924,924,2019-07-22,4,4,14,1.0
925,925,2019-07-23,2,4,12,1.0
926,926,2019-07-24,1,1,4,0.0
927,927,2019-07-25,0,1,11,1.0
928,928,2019-07-26,1,1,9,0.0
931,931,2019-07-29,1,1,8,0.0
932,932,2019-07-30,4,11,16,0.0
933,933,2019-07-31,4,12,10,0.0
934,934,2019-08-01,2,4,2,0.0
935,935,2019-08-02,1,1,3,0.0
938,938,2019-08-05,3,4,18,0.0
939,939,2019-08-06,1,1,2,0.0
940,940,2019-08-07,2,2,6,0.0
941,941,2019-08-08,2,6,6,1.0
945,945,2019-08-12,7,8,18,0.0
946,946,2019-08-13,1,6,22,0.0
947,947,2019-08-14,7,16,24,1.0
948,948,2019-08-15,13,9,29,0.0
949,949,2019-08-16,0,6,13,1.0
952,952,2019-08-19,11,16,31,1.0
953,953,2019-08-20,1,3,10,1.0
954,954,2019-08-21,4,6,13,1.0
955,955,2019-08-22,0,1,20,1.0
956,956,2019-08-23,0,5,9,1.0
959,959,2019-08-26,3,7,12,0.0
960,960,2019-08-27,0,4,5,1.0
961,961,2019-08-28,4,6,18,1.0
962,962,2019-08-29,0,6,13,1.0
963,963,2019-08-30,1,3,15,1.0
966,966,2019-09-02,1,2,15,1.0
967,967,2019-09-03,0,1,18,0.0
968,968,2019-09-04,6,14,17,1.0
969,969,2019-09-05,6,8,33,1.0
970,970,2019-09-06,3,3,33,1.0
974,974,2019-09-10,10,20,141,0.0
975,975,2019-09-11,3,6,37,1.0
976,976,2019-09-12,2,0,5,1.0
979,979,2019-09-16,2,16,28,1.0
980,980,2019-09-17,5,12,18,0.0
981,981,2019-09-18,0,3,13,1.0
982,982,2019-09-19,3,6,17,0.0
983,983,2019-09-20,0,3,9,1.0
986,986,2019-09-23,0,7,24,0.0
987,987,2019-09-24,7,4,11,0.0
988,988,2019-09-25,0,5,8,0.0
989,989,2019-09-26,2,3,9,0.0
990,990,2019-09-27,1,4,31,0.0
994,994,2019-10-01,12,17,122,1.0
995,995,2019-10-02,4,4,13,0.0
996,996,2019-10-03,4,8,12,0.0
997,997,2019-10-04,1,2,5,1.0
1000,1000,2019-10-07,3,2,29,1.0
1001,1001,2019-10-08,0,1,2,1.0
1002,1002,2019-10-09,0,5,6,0.0
1007,1007,2019-10-14,3,7,15,1.0
1008,1008,2019-10-15,0,3,8,1.0
1009,1009,2019-10-16,1,1,3,1.0
1010,1010,2019-10-17,0,3,4,1.0
1011,1011,2019-10-18,2,2,13,0.0
1014,1014,2019-10-21,1,2,29,1.0
1015,1015,2019-10-22,2,3,10,1.0
1016,1016,2019-10-23,2,3,3,0.0
1017,1017,2019-10-24,15,21,8,1.0
1018,1018,2019-10-25,3,7,11,0.0
1021,1021,2019-10-28,11,39,68,1.0
1022,1022,2019-10-29,3,13,28,1.0
1023,1023,2019-10-30,6,19,71,1.0
1024,1024,2019-10-31,5,20,32,0.0
1025,1025,2019-11-01,7,14,25,1.0
1028,1028,2019-11-04,5,13,13,1.0
1029,1029,2019-11-05,7,5,11,1.0
1030,1030,2019-11-06,3,11,15,1.0
1031,1031,2019-11-07,0,8,16,0.0
1032,1032,2019-11-08,0,6,4,0.0
1035,1035,2019-11-11,0,3,10,0.0
1036,1036,2019-11-12,0,0,6,1.0
1037,1037,2019-11-13,1,5,15,0.0
1038,1038,2019-11-14,7,8,36,0.0
1039,1039,2019-11-15,3,8,14,1.0
1042,1042,2019-11-18,5,20,55,1.0
1043,1043,2019-11-19,7,12,41,1.0
1044,1044,2019-11-20,3,7,39,0.0
1045,1045,2019-11-21,12,23,37,0.0
1046,1046,2019-11-22,8,10,25,1.0
1049,1049,2019-11-25,11,15,40,0.0
1050,1050,2019-11-26,3,4,27,1.0
1051,1051,2019-11-27,4,5,23,1.0
1052,1052,2019-11-28,2,14,38,0.0
1053,1053,2019-11-29,3,10,20,0.0
1056,1056,2019-12-02,7,18,67,1.0
1057,1057,2019-12-03,2,9,15,1.0
1058,1058,2019-12-04,8,8,57,0.0
1059,1059,2019-12-05,4,10,51,1.0
1060,1060,2019-12-06,3,2,21,1.0
1063,1063,2019-12-09,5,17,99,1.0
1064,1064,2019-12-10,1,1,38,0.0
1065,1065,2019-12-11,4,1,27,1.0
1066,1066,2019-12-12,1,4,13,1.0
1067,1067,2019-12-13,2,5,26,1.0
1070,1070,2019-12-16,3,7,39,1.0
1071,1071,2019-12-17,0,6,14,1.0
1072,1072,2019-12-18,3,4,21,1.0
1073,1073,2019-12-19,2,4,17,0.0
1074,1074,2019-12-20,0,2,12,0.0
1077,1077,2019-12-23,5,5,28,1.0
1078,1078,2019-12-24,1,3,9,0.0
1079,1079,2019-12-25,0,4,14,1.0
1080,1080,2019-12-26,2,8,17,0.0
1081,1081,2019-12-27,1,9,24,1.0
1084,1084,2019-12-30,2,20,103,0.0
1085,1085,2019-12-31,3,8,34,0.0
1087,1087,2020-01-02,8,21,27,1.0
1088,1088,2020-01-03,5,6,26,1.0
1091,1091,2020-01-06,6,20,47,0.0
1092,1092,2020-01-07,10,13,27,0.0
1093,1093,2020-01-08,2,10,19,0.0
1094,1094,2020-01-09,5,8,31,1.0
1095,1095,2020-01-10,1,2,22,1.0
1098,1098,2020-01-13,9,17,46,1.0
1099,1099,2020-01-14,2,8,19,1.0
1100,1100,2020-01-15,7,25,35,0.0
1101,1101,2020-01-16,8,13,24,0.0
1102,1102,2020-01-17,5,4,13,1.0
1105,1105,2020-01-20,5,7,30,1.0
1115,1115,2020-01-30,10,43,66,0.0
1116,1116,2020-01-31,2,12,37,1.0
1119,1119,2020-02-03,22,29,50,0.0
1120,1120,2020-02-04,4,14,15,1.0
1121,1121,2020-02-05,0,5,5,1.0
1122,1122,2020-02-06,0,5,13,1.0
1123,1123,2020-02-07,16,14,27,0.0
1126,1126,2020-02-10,12,25,77,0.0
1127,1127,2020-02-11,3,1,12,1.0
1128,1128,2020-02-12,1,1,5,1.0
1129,1129,2020-02-13,1,1,3,1.0
1130,1130,2020-02-14,2,3,8,1.0
1133,1133,2020-02-17,11,15,28,0.0
1134,1134,2020-02-18,0,4,5,0.0
1135,1135,2020-02-19,3,2,11,1.0
1136,1136,2020-02-20,1,5,17,0.0
1137,1137,2020-02-21,1,7,35,0.0
1140,1140,2020-02-24,13,26,85,0.0
1141,1141,2020-02-25,3,2,13,1.0
1142,1142,2020-02-26,4,13,9,0.0
1143,1143,2020-02-27,2,1,14,0.0
1147,1147,2020-03-02,27,38,127,0.0
1148,1148,2020-03-03,2,4,10,1.0
1149,1149,2020-03-04,6,5,11,1.0
1150,1150,2020-03-05,2,3,10,1.0
1151,1151,2020-03-06,7,6,10,0.0
1154,1154,2020-03-09,44,30,84,0.0
1155,1155,2020-03-10,15,21,45,1.0
1156,1156,2020-03-11,5,7,15,0.0
1157,1157,2020-03-12,53,41,51,0.0
1158,1158,2020-03-13,17,21,32,0.0
1161,1161,2020-03-16,20,53,77,0.0
1162,1162,2020-03-17,5,8,16,0.0
1163,1163,2020-03-18,31,25,34,0.0
1164,1164,2020-03-19,42,29,48,0.0
1165,1165,2020-03-20,18,35,71,1.0
1168,1168,2020-03-23,42,29,118,0.0
1169,1169,2020-03-24,11,16,52,1.0
1170,1170,2020-03-25,14,15,78,1.0
1171,1171,2020-03-26,12,17,40,1.0
1172,1172,2020-03-27,4,8,15,0.0
1175,1175,2020-03-30,12,12,42,0.0
1176,1176,2020-03-31,3,6,12,1.0
1177,1177,2020-04-01,8,6,25,0.0
1182,1182,2020-04-06,28,40,190,1.0
1183,1183,2020-04-07,12,13,27,1.0
1184,1184,2020-04-08,3,2,14,1.0
1185,1185,2020-04-09,3,0,9,0.0
1186,1186,2020-04-10,4,1,8,1.0
1189,1189,2020-04-13,7,13,38,0.0
1190,1190,2020-04-14,8,12,43,1.0
1191,1191,2020-04-15,8,15,18,1.0
1192,1192,2020-04-16,4,4,11,0.0
1193,1193,2020-04-17,5,0,9,1.0
1196,1196,2020-04-20,21,34,68,0.0
1197,1197,2020-04-21,26,27,42,0.0
1198,1198,2020-04-22,5,3,9,1.0
1199,1199,2020-04-23,0,1,9,1.0
1200,1200,2020-04-24,1,2,14,0.0
1203,1203,2020-04-27,9,15,23,1.0
1204,1204,2020-04-28,13,5,22,1.0
1205,1205,2020-04-29,2,12,19,1.0
1206,1206,2020-04-30,11,22,33,1.0
1210,1210,2020-05-04,8,20,44,0.0
1211,1211,2020-05-05,0,0,7,1.0
1212,1212,2020-05-06,3,7,6,1.0
1213,1213,2020-05-07,2,4,5,1.0
1214,1214,2020-05-08,4,10,18,1.0
1217,1217,2020-05-11,8,15,13,1.0
1218,1218,2020-05-12,2,14,23,0.0
1219,1219,2020-05-13,0,3,10,1.0
1220,1220,2020-05-14,0,1,14,0.0
1221,1221,2020-05-15,6,3,14,1.0
1223,1223,2020-05-18,3,6,10,0.0
1224,1224,2020-05-19,6,17,31,1.0
1225,1225,2020-05-20,0,8,10,1.0
1226,1226,2020-05-21,0,4,14,1.0
1227,1227,2020-05-22,1,5,3,0.0
1230,1230,2020-05-25,6,14,23,1.0
1231,1231,2020-05-26,0,0,5,1.0
1232,1232,2020-05-27,2,3,3,1.0
1233,1233,2020-05-28,1,7,10,0.0
1234,1234,2020-05-29,2,14,17,0.0
1237,1237,2020-06-01,5,10,31,1.0
1238,1238,2020-06-02,5,3,6,1.0
1239,1239,2020-06-03,8,34,30,1.0
1240,1240,2020-06-04,10,20,24,1.0
1241,1241,2020-06-05,10,13,17,1.0
1244,1244,2020-06-08,10,33,38,1.0
1245,1245,2020-06-09,7,9,19,1.0
1246,1246,2020-06-10,2,0,8,1.0
1247,1247,2020-06-11,16,21,34,0.0
1248,1248,2020-06-12,7,13,25,0.0
1251,1251,2020-06-15,13,18,54,0.0
1252,1252,2020-06-16,2,17,28,1.0
1253,1253,2020-06-17,7,13,42,1.0
1254,1254,2020-06-18,3,5,31,1.0
1255,1255,2020-06-19,4,5,35,1.0
1258,1258,2020-06-22,5,21,43,1.0
1259,1259,2020-06-23,4,5,14,1.0
1260,1260,2020-06-24,1,1,5,1.0
1265,1265,2020-06-29,12,21,65,0.0
1266,1266,2020-06-30,1,6,21,1.0
1267,1267,2020-07-01,8,4,7,1.0
1268,1268,2020-07-02,0,2,17,1.0
1269,1269,2020-07-03,4,11,28,1.0
1272,1272,2020-07-06,4,14,44,1.0
1273,1273,2020-07-07,1,8,8,0.0
1274,1274,2020-07-08,10,14,28,1.0
1275,1275,2020-07-09,5,15,25,1.0
1276,1276,2020-07-10,10,7,39,0.0
1279,1279,2020-07-13,19,17,72,1.0
1280,1280,2020-07-14,14,13,26,0.0
1281,1281,2020-07-15,2,14,31,0.0
1282,1282,2020-07-16,6,7,22,0.0
1283,1283,2020-07-17,1,3,15,1.0
1286,1286,2020-07-20,4,12,39,0.0
1287,1287,2020-07-21,4,5,21,1.0
1288,1288,2020-07-22,1,6,8,1.0
1289,1289,2020-07-23,3,7,5,0.0
1290,1290,2020-07-24,10,11,12,0.0
1293,1293,2020-07-27,9,16,60,1.0
1294,1294,2020-07-28,1,4,3,0.0
1295,1295,2020-07-29,1,0,13,0.0
1296,1296,2020-07-30,4,4,5,1.0
1297,1297,2020-07-31,0,0,15,0.0
1299,1299,2020-08-03,11,10,23,0.0
1300,1300,2020-08-04,1,9,6,1.0
1301,1301,2020-08-05,0,6,4,1.0
1302,1302,2020-08-06,2,2,11,1.0
1303,1303,2020-08-07,2,3,14,0.0
1306,1306,2020-08-10,7,15,59,1.0
1307,1307,2020-08-11,4,6,11,0.0
1308,1308,2020-08-12,3,7,48,0.0
1309,1309,2020-08-13,8,8,44,1.0
1310,1310,2020-08-14,9,7,24,1.0
1313,1313,2020-08-17,14,36,95,1.0
1314,1314,2020-08-18,1,10,14,0.0
1315,1315,2020-08-19,2,2,10,0.0
1316,1316,2020-08-20,11,18,23,0.0
1317,1317,2020-08-21,7,12,39,1.0
1320,1320,2020-08-24,7,13,46,1.0
1321,1321,2020-08-25,2,5,15,1.0
1322,1322,2020-08-26,5,4,10,1.0
1323,1323,2020-08-27,10,14,9,0.0
1324,1324,2020-08-28,7,7,16,0.0
1327,1327,2020-08-31,9,8,38,0.0
1328,1328,2020-09-01,2,1,3,1.0
1329,1329,2020-09-02,0,3,29,0.0
1330,1330,2020-09-03,0,1,8,1.0
1331,1331,2020-09-04,1,0,3,0.0
1334,1334,2020-09-07,8,11,44,0.0
1335,1335,2020-09-08,3,3,23,1.0
1336,1336,2020-09-09,3,6,32,0.0
1337,1337,2020-09-10,2,1,10,1.0
1338,1338,2020-09-11,1,6,7,0.0
1341,1341,2020-09-14,2,1,10,1.0
1342,1342,2020-09-15,2,3,21,1.0
1343,1343,2020-09-16,5,4,13,1.0
1344,1344,2020-09-17,3,8,16,0.0
1345,1345,2020-09-18,2,5,13,1.0
1348,1348,2020-09-21,15,20,122,0.0
1349,1349,2020-09-22,6,11,58,0.0
1350,1350,2020-09-23,11,17,19,0.0
1351,1351,2020-09-24,3,3,8,0.0
1352,1352,2020-09-25,3,10,19,0.0
1355,1355,2020-09-28,20,26,37,1.0
1356,1356,2020-09-29,2,5,10,1.0
1357,1357,2020-09-30,2,6,10,1.0
1362,1362,2020-10-05,5,19,57,1.0
1363,1363,2020-10-06,5,8,13,1.0
1364,1364,2020-10-07,1,0,5,1.0
1365,1365,2020-10-08,2,3,7,1.0
1369,1369,2020-10-12,9,25,74,1.0
1370,1370,2020-10-13,1,8,12,0.0
1371,1371,2020-10-14,1,10,16,0.0
1372,1372,2020-10-15,1,7,31,0.0
1373,1373,2020-10-16,0,7,13,0.0
1376,1376,2020-10-19,2,5,18,1.0
1377,1377,2020-10-20,2,4,2,0.0
1378,1378,2020-10-21,1,9,15,1.0
1379,1379,2020-10-22,6,8,15,1.0
1380,1380,2020-10-23,5,3,15,0.0
1383,1383,2020-10-26,5,20,47,1.0
1384,1384,2020-10-27,2,4,39,0.0
1385,1385,2020-10-28,5,4,9,0.0
1386,1386,2020-10-29,4,8,12,0.0
1387,1387,2020-10-30,0,4,17,0.0
1390,1390,2020-11-02,7,1,20,1.0
1391,1391,2020-11-03,5,14,32,1.0
1392,1392,2020-11-04,2,11,6,1.0
1393,1393,2020-11-05,7,11,31,1.0
1394,1394,2020-11-06,1,13,11,1.0
1397,1397,2020-11-09,1,6,21,1.0
1398,1398,2020-11-10,3,4,10,0.0
1399,1399,2020-11-11,2,2,8,1.0
1400,1400,2020-11-12,5,7,27,0.0
1401,1401,2020-11-13,3,1,8,1.0
1404,1404,2020-11-16,6,11,82,1.0
1405,1405,2020-11-17,3,13,21,1.0
1406,1406,2020-11-18,2,11,16,1.0
1407,1407,2020-11-19,6,8,34,0.0
1408,1408,2020-11-20,8,18,50,0.0
1411,1411,2020-11-23,9,39,117,1.0
1412,1412,2020-11-24,0,8,20,0.0
1413,1413,2020-11-25,10,15,30,0.0
1414,1414,2020-11-26,1,9,22,1.0
1415,1415,2020-11-27,10,16,32,1.0
1418,1418,2020-11-30,14,30,73,0.0
1419,1419,2020-12-01,3,17,22,1.0
1420,1420,2020-12-02,1,8,17,1.0
1421,1421,2020-12-03,3,6,15,0.0
1422,1422,2020-12-04,4,12,11,1.0
1425,1425,2020-12-07,5,27,40,1.0
1426,1426,2020-12-08,7,21,20,1.0
1427,1427,2020-12-09,4,7,16,1.0
1428,1428,2020-12-10,10,13,25,0.0
1429,1429,2020-12-11,2,6,27,1.0
1432,1432,2020-12-14,3,16,28,0.0
1433,1433,2020-12-15,2,7,32,0.0
1434,1434,2020-12-16,4,14,33,1.0
1435,1435,2020-12-17,2,5,5,0.0
1436,1436,2020-12-18,1,10,14,0.0
1439,1439,2020-12-21,3,13,33,1.0
1440,1440,2020-12-22,2,2,5,0.0
1441,1441,2020-12-23,1,8,25,1.0
1442,1442,2020-12-24,0,3,12,1.0
1443,1443,2020-12-25,2,4,7,1.0
1446,1446,2020-12-28,19,36,93,1.0
1447,1447,2020-12-29,6,8,43,0.0
1448,1448,2020-12-30,10,17,54,1.0
1449,1449,2020-12-31,2,9,23,1.0
1453,1453,2021-01-04,5,24,64,1.0
1454,1454,2021-01-05,7,15,19,1.0
1455,1455,2021-01-06,3,5,6,0.0
1456,1456,2021-01-07,0,6,6,1.0
1457,1457,2021-01-08,5,27,26,1.0
1460,1460,2021-01-11,1,16,25,1.0
1461,1461,2021-01-12,1,3,23,0.0
1462,1462,2021-01-13,3,6,33,1.0
1463,1463,2021-01-14,2,11,10,0.0
1464,1464,2021-01-15,9,12,9,0.0
1467,1467,2021-01-18,17,23,35,0.0
1468,1468,2021-01-19,14,31,29,1.0
1469,1469,2021-01-20,12,20,25,0.0
1470,1470,2021-01-21,6,17,35,1.0
1471,1471,2021-01-22,8,16,32,0.0
1474,1474,2021-01-25,7,22,53,0.0
1475,1475,2021-01-26,1,0,5,0.0
1476,1476,2021-01-27,3,4,6,1.0
1477,1477,2021-01-28,2,5,9,0.0
1478,1478,2021-01-29,3,9,16,0.0
1481,1481,2021-02-01,2,10,15,1.0
1482,1482,2021-02-02,3,5,14,1.0
1483,1483,2021-02-03,1,5,16,1.0
1484,1484,2021-02-04,1,3,14,0.0
1485,1485,2021-02-05,0,4,9,1.0
1496,1496,2021-02-17,14,24,67,1.0
1497,1497,2021-02-18,3,7,15,1.0
1498,1498,2021-02-19,2,8,13,0.0
1501,1501,2021-02-22,5,17,51,1.0
1502,1502,2021-02-23,0,0,9,1.0
1503,1503,2021-02-24,1,1,10,0.0
1504,1504,2021-02-25,8,7,32,1.0
1505,1505,2021-02-26,0,3,3,0.0
1509,1509,2021-03-02,5,7,32,0.0
1510,1510,2021-03-03,1,1,1,1.0
1511,1511,2021-03-04,0,2,0,0.0
1512,1512,2021-03-05,0,1,3,0.0
1515,1515,2021-03-08,4,20,27,0.0
1516,1516,2021-03-09,5,6,16,1.0
1517,1517,2021-03-10,4,2,11,1.0
1518,1518,2021-03-11,9,8,15,1.0
1519,1519,2021-03-12,1,4,3,1.0
1522,1522,2021-03-15,10,15,34,0.0
1523,1523,2021-03-16,5,18,33,1.0
1524,1524,2021-03-17,3,8,25,0.0
1525,1525,2021-03-18,0,8,19,1.0
1526,1526,2021-03-19,1,4,15,0.0
1529,1529,2021-03-22,6,14,42,1.0
1530,1530,2021-03-23,7,5,11,0.0
1531,1531,2021-03-24,0,2,2,0.0
1532,1532,2021-03-25,1,6,5,1.0
1533,1533,2021-03-26,2,7,4,1.0
1536,1536,2021-03-29,11,19,60,1.0
1537,1537,2021-03-30,11,11,33,1.0
1538,1538,2021-03-31,4,6,8,0.0
1539,1539,2021-04-01,5,11,14,1.0
1545,1545,2021-04-07,35,59,169,1.0
1546,1546,2021-04-08,4,8,26,1.0
1547,1547,2021-04-09,7,12,16,0.0
1550,1550,2021-04-12,11,36,78,1.0
1551,1551,2021-04-13,9,17,38,0.0
1552,1552,2021-04-14,7,28,31,1.0
1553,1553,2021-04-15,8,10,21,1.0
1554,1554,2021-04-16,1,10,17,1.0
1557,1557,2021-04-19,17,51,68,1.0
1558,1558,2021-04-20,12,24,41,1.0
1559,1559,2021-04-21,6,7,22,0.0
1560,1560,2021-04-22,4,13,9,0.0
1561,1561,2021-04-23,5,16,28,1.0
1564,1564,2021-04-26,23,42,172,1.0
1565,1565,2021-04-27,4,10,20,1.0
1566,1566,2021-04-28,6,12,18,0.0
1567,1567,2021-04-29,12,6,50,0.0
1571,1571,2021-05-03,22,49,126,0.0
1572,1572,2021-05-04,11,18,23,0.0
1573,1573,2021-05-05,10,10,22,0.0
1574,1574,2021-05-06,3,15,36,1.0
1575,1575,2021-05-07,3,10,17,1.0
1578,1578,2021-05-10,7,32,112,0.0
1579,1579,2021-05-11,24,26,40,0.0
1580,1580,2021-05-12,26,25,37,0.0
1581,1581,2021-05-13,20,23,30,0.0
1582,1582,2021-05-14,14,16,33,1.0
1585,1585,2021-05-17,65,71,99,0.0
1586,1586,2021-05-18,15,26,43,1.0
1587,1587,2021-05-19,7,11,39,0.0
1588,1588,2021-05-20,9,13,20,0.0
1589,1589,2021-05-21,7,9,42,1.0
1592,1592,2021-05-24,23,33,96,1.0
1593,1593,2021-05-25,2,18,21,1.0
1594,1594,2021-05-26,3,21,22,1.0
1595,1595,2021-05-27,3,11,23,0.0
1596,1596,2021-05-28,3,15,10,1.0
1599,1599,2021-05-31,10,22,45,1.0
1600,1600,2021-06-01,32,29,218,1.0
1601,1601,2021-06-02,28,29,111,1.0
1602,1602,2021-06-03,11,26,68,1.0
1603,1603,2021-06-04,18,21,65,0.0
1606,1606,2021-06-07,24,32,142,0.0
1607,1607,2021-06-08,6,28,53,0.0
1608,1608,2021-06-09,3,8,6,0.0
1609,1609,2021-06-10,3,9,11,1.0
1610,1610,2021-06-11,5,11,23,1.0
1614,1614,2021-06-15,22,29,112,1.0
1615,1615,2021-06-16,1,7,25,0.0
1616,1616,2021-06-17,2,9,53,1.0
1617,1617,2021-06-18,11,18,29,0.0
1620,1620,2021-06-21,15,57,64,0.0
1621,1621,2021-06-22,2,9,12,1.0
1622,1622,2021-06-23,15,17,17,1.0
1623,1623,2021-06-24,4,25,22,1.0
1624,1624,2021-06-25,6,17,25,1.0
1627,1627,2021-06-28,10,35,65,1.0
1628,1628,2021-06-29,6,12,24,1.0
1629,1629,2021-06-30,7,26,24,1.0
1630,1630,2021-07-01,5,26,22,0.0
1631,1631,2021-07-02,5,14,19,0.0
1634,1634,2021-07-05,20,52,40,1.0
1635,1635,2021-07-06,26,46,24,0.0
1636,1636,2021-07-07,6,17,26,0.0
1637,1637,2021-07-08,2,11,12,1.0
1638,1638,2021-07-09,4,7,12,0.0
1641,1641,2021-07-12,14,22,40,1.0
1642,1642,2021-07-13,4,9,12,1.0
1643,1643,2021-07-14,5,17,32,0.0
1644,1644,2021-07-15,13,30,29,1.0
1645,1645,2021-07-16,6,12,24,0.0
1648,1648,2021-07-19,12,30,37,0.0
1649,1649,2021-07-20,7,9,13,0.0
1650,1650,2021-07-21,7,11,12,0.0
1651,1651,2021-07-22,6,8,20,1.0
1652,1652,2021-07-23,3,11,16,1.0
1655,1655,2021-07-26,12,29,38,0.0
1656,1656,2021-07-27,13,19,45,0.0
1657,1657,2021-07-28,6,13,20,0.0
1658,1658,2021-07-29,1,23,25,1.0
1659,1659,2021-07-30,6,10,19,0.0
1662,1662,2021-08-02,19,37,67,1.0
1663,1663,2021-08-03,8,17,34,1.0
1664,1664,2021-08-04,6,21,24,1.0
1665,1665,2021-08-05,12,24,69,0.0
1666,1666,2021-08-06,2,4,31,0.0
1669,1669,2021-08-09,16,33,42,0.0
1670,1670,2021-08-10,4,6,14,0.0
1671,1671,2021-08-11,8,11,21,0.0
1672,1672,2021-08-12,0,3,10,0.0
1673,1673,2021-08-13,7,11,28,0.0
1676,1676,2021-08-16,7,12,40,0.0
1677,1677,2021-08-17,17,17,23,0.0
1678,1678,2021-08-18,7,8,13,1.0
1679,1679,2021-08-19,11,10,25,0.0
1680,1680,2021-08-20,13,20,52,0.0
1683,1683,2021-08-23,17,26,55,1.0
1684,1684,2021-08-24,9,5,22,1.0
1685,1685,2021-08-25,5,19,40,1.0
1686,1686,2021-08-26,2,15,11,1.0
1687,1687,2021-08-27,5,5,18,1.0
1690,1690,2021-08-30,6,23,25,1.0
1691,1691,2021-08-31,2,10,25,1.0
1692,1692,2021-09-01,6,6,25,0.0
1693,1693,2021-09-02,2,3,26,0.0
1694,1694,2021-09-03,3,5,11,1.0
1697,1697,2021-09-06,14,18,71,0.0
1698,1698,2021-09-07,2,9,30,0.0
1699,1699,2021-09-08,2,2,34,0.0
1700,1700,2021-09-09,3,1,29,1.0
1701,1701,2021-09-10,7,11,59,1.0
1704,1704,2021-09-13,14,30,133,0.0
1705,1705,2021-09-14,6,9,29,0.0
1706,1706,2021-09-15,4,5,26,0.0
1707,1707,2021-09-16,1,3,21,0.0
1708,1708,2021-09-17,10,9,42,0.0
1713,1713,2021-09-22,25,25,75,0.0
1714,1714,2021-09-23,4,15,23,1.0
1715,1715,2021-09-24,5,6,15,1.0
1718,1718,2021-09-27,8,19,61,1.0
1719,1719,2021-09-28,3,5,12,0.0
1720,1720,2021-09-29,4,12,16,0.0
1721,1721,2021-09-30,2,4,17,1.0
1722,1722,2021-10-01,10,11,16,0.0
1725,1725,2021-10-04,21,24,63,0.0
1726,1726,2021-10-05,8,13,14,1.0
1727,1727,2021-10-06,10,11,19,0.0
1728,1728,2021-10-07,3,13,4,1.0
1729,1729,2021-10-08,8,26,29,0.0
1733,1733,2021-10-12,17,26,73,0.0
1734,1734,2021-10-13,9,11,20,0.0
1735,1735,2021-10-14,6,9,22,1.0
1736,1736,2021-10-15,10,18,20,1.0
1739,1739,2021-10-18,9,17,49,0.0
1740,1740,2021-10-19,6,7,13,1.0
1741,1741,2021-10-20,5,8,24,0.0
1742,1742,2021-10-21,4,12,35,1.0
1743,1743,2021-10-22,0,6,18,0.0
1746,1746,2021-10-25,10,29,63,1.0
1747,1747,2021-10-26,7,6,15,1.0
1748,1748,2021-10-27,3,12,17,1.0
1749,1749,2021-10-28,5,1,19,0.0
1750,1750,2021-10-29,4,4,27,0.0
1753,1753,2021-11-01,11,22,48,1.0
1754,1754,2021-11-02,3,7,8,0.0
1755,1755,2021-11-03,6,5,4,1.0
1756,1756,2021-11-04,1,3,8,0.0
1757,1757,2021-11-05,0,3,10,1.0
1760,1760,2021-11-08,8,13,14,1.0
1761,1761,2021-11-09,2,4,6,1.0
1762,1762,2021-11-10,0,5,30,1.0
1763,1763,2021-11-11,3,2,19,0.0
1764,1764,2021-11-12,0,8,10,1.0
1767,1767,2021-11-15,4,8,31,1.0
1768,1768,2021-11-16,1,4,8,1.0
1769,1769,2021-11-17,0,5,14,1.0
1770,1770,2021-11-18,0,3,22,1.0
1771,1771,2021-11-19,4,6,20,0.0
1774,1774,2021-11-22,16,22,29,0.0
1775,1775,2021-11-23,4,11,31,0.0
1776,1776,2021-11-24,4,7,17,0.0
1777,1777,2021-11-25,0,2,1,1.0
1778,1778,2021-11-26,7,1,20,0.0
1781,1781,2021-11-29,23,29,100,0.0
1782,1782,2021-11-30,8,28,42,1.0
1783,1783,2021-12-01,4,7,13,1.0
1784,1784,2021-12-02,6,6,26,1.0
1785,1785,2021-12-03,1,2,5,0.0
1788,1788,2021-12-06,4,15,42,0.0
1789,1789,2021-12-07,4,4,12,1.0
1790,1790,2021-12-08,0,8,20,1.0
1791,1791,2021-12-09,3,17,24,1.0
1792,1792,2021-12-10,1,6,29,0.0
1795,1795,2021-12-13,8,9,41,0.0
1796,1796,2021-12-14,2,7,17,0.0
1797,1797,2021-12-15,2,6,14,1.0
1798,1798,2021-12-16,1,4,12,1.0
1799,1799,2021-12-17,1,6,14,1.0
1802,1802,2021-12-20,7,20,41,0.0
1803,1803,2021-12-21,5,16,25,1.0
1804,1804,2021-12-22,5,13,75,1.0
1805,1805,2021-12-23,6,8,27,1.0
1806,1806,2021-12-24,6,21,35,1.0
1809,1809,2021-12-27,12,29,59,1.0
1810,1810,2021-12-28,1,9,40,1.0
1811,1811,2021-12-29,7,18,39,1.0
1812,1812,2021-12-30,5,10,49,0.0
1816,1816,2022-01-03,11,23,75,1.0
1817,1817,2022-01-04,3,9,20,1.0
1818,1818,2022-01-05,1,10,16,0.0
1819,1819,2022-01-06,6,12,21,0.0
1820,1820,2022-01-07,3,3,25,0.0
1823,1823,2022-01-10,9,23,46,1.0
1824,1824,2022-01-11,8,14,11,1.0
1825,1825,2022-01-12,9,13,27,1.0
1826,1826,2022-01-13,5,8,29,1.0
1827,1827,2022-01-14,5,9,32,0.0
1830,1830,2022-01-17,2,9,33,1.0
1831,1831,2022-01-18,3,11,17,0.0
1832,1832,2022-01-19,4,4,12,0.0
1833,1833,2022-01-20,5,7,32,0.0
1834,1834,2022-01-21,6,9,8,0.0
1837,1837,2022-01-24,24,49,58,1.0
1838,1838,2022-01-25,4,7,7,0.0
1839,1839,2022-01-26,7,13,15,0.0
1851,1851,2022-02-07,29,54,151,1.0
1852,1852,2022-02-08,8,8,333,1.0
1853,1853,2022-02-09,7,21,264,1.0
1854,1854,2022-02-10,8,23,55,1.0
1855,1855,2022-02-11,6,5,26,0.0
1858,1858,2022-02-14,26,23,42,0.0
1859,1859,2022-02-15,4,10,32,0.0
1860,1860,2022-02-16,3,10,55,1.0
1861,1861,2022-02-17,2,10,18,1.0
1862,1862,2022-02-18,5,3,13,0.0
1865,1865,2022-02-21,10,9,34,0.0
1866,1866,2022-02-22,16,19,31,0.0
1867,1867,2022-02-23,5,13,19,1.0
1868,1868,2022-02-24,1,9,11,0.0
1869,1869,2022-02-25,6,7,13,1.0
1873,1873,2022-03-01,10,15,28,1.0
1874,1874,2022-03-02,1,9,4,0.0
1875,1875,2022-03-03,0,6,5,1.0
1876,1876,2022-03-04,1,4,11,0.0
1879,1879,2022-03-07,39,37,34,0.0
1880,1880,2022-03-08,32,25,38,0.0
1881,1881,2022-03-09,14,14,67,1.0
1882,1882,2022-03-10,4,8,34,1.0
1883,1883,2022-03-11,9,10,11,0.0
1886,1886,2022-03-14,4,9,34,0.0
1887,1887,2022-03-15,5,15,26,0.0
1888,1888,2022-03-16,15,21,64,1.0
1889,1889,2022-03-17,6,22,28,1.0
1890,1890,2022-03-18,6,8,22,1.0
1893,1893,2022-03-21,7,21,35,1.0
1894,1894,2022-03-22,2,12,10,0.0
1895,1895,2022-03-23,6,7,12,1.0
1896,1896,2022-03-24,3,14,22,0.0
1897,1897,2022-03-25,12,20,55,0.0
1900,1900,2022-03-28,9,22,72,0.0
1901,1901,2022-03-29,21,12,31,1.0
1902,1902,2022-03-30,3,6,15,1.0
1903,1903,2022-03-31,2,2,11,0.0
1904,1904,2022-04-01,0,13,7,0.0
1909,1909,2022-04-06,7,11,67,0.0
1910,1910,2022-04-07,11,5,22,0.0
1911,1911,2022-04-08,2,2,4,1.0
1914,1914,2022-04-11,8,16,35,0.0
1915,1915,2022-04-12,7,5,3,0.0
1916,1916,2022-04-13,7,12,15,1.0
1917,1917,2022-04-14,13,19,26,0.0
1918,1918,2022-04-15,9,23,36,0.0
1921,1921,2022-04-18,12,20,58,0.0
1922,1922,2022-04-19,6,9,20,1.0
1923,1923,2022-04-20,0,5,21,1.0
1924,1924,2022-04-21,1,6,27,0.0
1925,1925,2022-04-22,4,9,18,0.0
1928,1928,2022-04-25,20,19,56,0.0
1929,1929,2022-04-26,7,5,7,1.0
1930,1930,2022-04-27,17,23,28,0.0
1931,1931,2022-04-28,13,16,21,1.0
1932,1932,2022-04-29,10,15,11,1.0
1936,1936,2022-05-03,15,19,40,0.0
1937,1937,2022-05-04,2,6,14,1.0
1938,1938,2022-05-05,5,9,5,1.0
1939,1939,2022-05-06,5,7,9,0.0
1942,1942,2022-05-09,24,25,44,0.0
1943,1943,2022-05-10,8,4,12,1.0
1944,1944,2022-05-11,8,3,8,0.0
1945,1945,2022-05-12,14,16,26,0.0
1946,1946,2022-05-13,5,9,20,1.0
1949,1949,2022-05-16,7,19,38,1.0
1950,1950,2022-05-17,0,8,26,1.0
1951,1951,2022-05-18,8,10,51,1.0
1952,1952,2022-05-19,12,19,27,0.0
1953,1953,2022-05-20,3,7,13,1.0
1956,1956,2022-05-23,13,22,29,1.0
1957,1957,2022-05-24,7,5,7,0.0
1958,1958,2022-05-25,6,5,6,1.0
1959,1959,2022-05-26,4,10,19,0.0
1960,1960,2022-05-27,2,6,9,1.0
1963,1963,2022-05-30,5,18,18,1.0
1964,1964,2022-05-31,5,8,23,1.0
1965,1965,2022-06-01,6,9,21,0.0
1966,1966,2022-06-02,5,6,13,0.0
1970,1970,2022-06-06,2,12,26,1.0
1971,1971,2022-06-07,2,5,6,0.0
1972,1972,2022-06-08,3,8,8,1.0
1973,1973,2022-06-09,1,1,6,0.0
1974,1974,2022-06-10,4,6,27,0.0
1977,1977,2022-06-13,19,27,34,0.0
1978,1978,2022-06-14,7,4,14,0.0
1979,1979,2022-06-15,1,4,22,0.0
1980,1980,2022-06-16,3,1,11,0.0
1981,1981,2022-06-17,2,2,6,0.0
1984,1984,2022-06-20,9,6,25,0.0
1985,1985,2022-06-21,6,21,20,1.0
1986,1986,2022-06-22,8,11,19,0.0
1987,1987,2022-06-23,6,7,9,0.0
1988,1988,2022-06-24,3,3,5,1.0
1991,1991,2022-06-27,8,15,15,1.0
1992,1992,2022-06-28,2,16,11,0.0
1993,1993,2022-06-29,9,31,35,0.0
1994,1994,2022-06-30,10,9,24,0.0
1995,1995,2022-07-01,6,11,38,0.0
1998,1998,2022-07-04,29,23,50,0.0
1999,1999,2022-07-05,14,21,52,1.0
2000,2000,2022-07-06,12,9,34,0.0
2001,2001,2022-07-07,11,11,13,1.0
2002,2002,2022-07-08,6,18,34,1.0
2005,2005,2022-07-11,5,12,21,0.0
2006,2006,2022-07-12,13,14,19,0.0
2007,2007,2022-07-13,7,15,16,1.0
2008,2008,2022-07-14,0,7,7,1.0
2009,2009,2022-07-15,6,14,17,1.0
2012,2012,2022-07-18,9,27,39,1.0
2013,2013,2022-07-19,2,4,13,0.0
2014,2014,2022-07-20,2,1,10,1.0
2015,2015,2022-07-21,3,4,7,1.0
2016,2016,2022-07-22,3,11,22,1.0
2019,2019,2022-07-25,8,19,34,0.0
2020,2020,2022-07-26,5,12,16,0.0
2021,2021,2022-07-27,4,12,14,1.0
2022,2022,2022-07-28,10,4,24,0.0
2023,2023,2022-07-29,6,14,19,1.0
2026,2026,2022-08-01,14,10,21,0.0
2027,2027,2022-08-02,17,22,144,0.0
2028,2028,2022-08-03,12,12,79,1.0
2029,2029,2022-08-04,19,12,58,0.0
2030,2030,2022-08-05,13,14,22,1.0
2033,2033,2022-08-08,7,13,41,0.0
2034,2034,2022-08-09,3,5,8,1.0
2035,2035,2022-08-10,2,12,11,0.0
2036,2036,2022-08-11,3,7,12,1.0
2037,2037,2022-08-12,10,31,143,1.0
2040,2040,2022-08-15,13,39,100,1.0
2041,2041,2022-08-16,1,3,8,1.0
2042,2042,2022-08-17,7,5,18,1.0
2043,2043,2022-08-18,4,10,34,0.0
2044,2044,2022-08-19,4,4,11,1.0
