,Unnamed: 0,日期,負向數量,正向數量,中立數量,與前日收盤價漲跌
2,2,2017-01-03,22,44,123,1
3,3,2017-01-04,4,11,10,1
4,4,2017-01-05,4,2,7,1
5,5,2017-01-06,5,4,11,1
7,7,2017-01-09,0,0,4,0
8,8,2017-01-11,2,0,3,0
9,9,2017-01-12,3,4,5,1
10,10,2017-01-13,13,7,21,0
13,13,2017-01-16,6,4,28,0
14,14,2017-01-17,11,11,17,1
15,15,2017-01-18,0,2,0,0
16,16,2017-01-19,5,3,8,0
17,17,2017-01-20,3,6,12,1
20,20,2017-01-23,13,12,80,1
21,21,2017-01-24,4,13,22,1
29,29,2017-02-02,38,37,109,0
30,30,2017-02-03,1,3,2,1
33,33,2017-02-06,7,15,57,1
34,34,2017-02-07,2,4,14,1
35,35,2017-02-08,12,52,101,0
36,36,2017-02-09,22,19,45,1
37,37,2017-02-10,15,26,49,1
40,40,2017-02-13,34,42,250,1
41,41,2017-02-14,12,14,46,1
42,42,2017-02-15,4,26,15,1
43,43,2017-02-16,4,15,42,0
44,44,2017-02-17,9,20,31,0
47,47,2017-02-20,102,93,172,0
48,48,2017-02-21,4,1,6,1
49,49,2017-02-22,10,8,35,1
50,50,2017-02-23,2,4,23,0
51,51,2017-02-24,14,13,32,0
56,56,2017-03-01,43,49,171,0
57,57,2017-03-02,26,33,62,1
58,58,2017-03-03,14,10,38,0
61,61,2017-03-06,7,15,54,1
62,62,2017-03-07,18,11,52,1
63,63,2017-03-08,7,5,47,1
64,64,2017-03-09,0,2,9,0
65,65,2017-03-10,15,30,67,0
68,68,2017-03-13,7,17,47,1
69,69,2017-03-14,163,237,130,1
70,70,2017-03-15,3,4,11,0
71,71,2017-03-16,4,7,11,1
72,72,2017-03-17,5,6,17,1
75,75,2017-03-20,39,40,234,1
76,76,2017-03-21,14,26,66,1
77,77,2017-03-22,0,4,4,0
78,78,2017-03-23,25,18,19,1
79,79,2017-03-24,4,9,23,0
82,82,2017-03-27,10,5,21,0
83,83,2017-03-28,7,8,23,0
84,84,2017-03-29,13,4,12,0
85,85,2017-03-30,4,5,27,0
86,86,2017-03-31,4,1,9,0
90,90,2017-04-05,13,28,71,1
91,91,2017-04-06,9,7,83,0
92,92,2017-04-07,4,12,42,0
94,94,2017-04-10,20,27,79,1
95,95,2017-04-11,2,3,20,0
96,96,2017-04-12,3,1,103,0
97,97,2017-04-13,7,8,50,1
99,99,2017-04-17,32,29,172,0
100,100,2017-04-18,2,2,10,1
101,101,2017-04-19,7,17,34,0
102,102,2017-04-20,11,28,136,0
103,103,2017-04-21,13,15,36,1
106,106,2017-04-24,22,24,148,1
107,107,2017-04-25,2,2,12,1
108,108,2017-04-26,30,57,101,1
109,109,2017-04-27,4,5,70,1
110,110,2017-04-28,0,0,2,1
114,114,2017-05-02,27,32,79,1
115,115,2017-05-03,23,17,98,1
116,116,2017-05-04,39,28,318,1
117,117,2017-05-05,2,1,8,0
120,120,2017-05-08,15,21,34,1
121,121,2017-05-09,362,209,210,0
122,122,2017-05-10,12,28,113,1
123,123,2017-05-11,194,208,262,1
124,124,2017-05-12,8,25,18,0
127,127,2017-05-15,12,19,83,1
128,128,2017-05-16,7,8,36,0
129,129,2017-05-17,9,4,8,0
130,130,2017-05-18,29,27,25,0
131,131,2017-05-19,1,3,5,0
133,133,2017-05-22,6,5,107,1
134,134,2017-05-23,26,37,149,1
135,135,2017-05-24,5,8,9,1
136,136,2017-05-25,8,4,10,1
137,137,2017-05-26,12,15,25,0
142,142,2017-05-31,54,71,465,0
143,143,2017-06-01,10,13,76,1
144,144,2017-06-02,18,42,60,1
147,147,2017-06-05,25,40,176,1
148,148,2017-06-06,0,2,10,0
149,149,2017-06-07,3,0,16,1
150,150,2017-06-08,16,13,61,1
151,151,2017-06-09,0,0,35,0
154,154,2017-06-12,2,3,30,0
155,155,2017-06-13,6,0,23,1
156,156,2017-06-15,1,0,63,1
157,157,2017-06-16,1,0,1,1
160,160,2017-06-19,20,35,175,1
161,161,2017-06-20,9,10,16,1
162,162,2017-06-21,7,8,5,1
163,163,2017-06-22,5,13,59,1
164,164,2017-06-23,0,0,6,0
167,167,2017-06-26,12,16,20,1
168,168,2017-06-28,14,31,35,0
169,169,2017-06-29,8,18,30,1
170,170,2017-06-30,8,11,37,0
173,173,2017-07-04,0,0,28,0
174,174,2017-07-05,4,8,13,1
175,175,2017-07-06,6,12,21,0
176,176,2017-07-07,1,1,0,0
179,179,2017-07-10,20,32,138,0
180,180,2017-07-11,11,14,34,1
181,181,2017-07-12,23,40,128,1
182,182,2017-07-13,5,1,139,1
183,183,2017-07-14,9,6,41,0
186,186,2017-07-17,16,18,56,1
187,187,2017-07-18,0,1,4,1
188,188,2017-07-19,4,14,12,1
189,189,2017-07-20,1,1,0,0
190,190,2017-07-21,0,0,1,0
191,191,2017-07-24,6,19,23,1
192,192,2017-07-25,0,0,1,1
193,193,2017-07-27,10,2,9,1
194,194,2017-07-28,6,26,69,0
197,197,2017-07-31,25,26,67,1
198,198,2017-08-01,0,4,6,1
199,199,2017-08-02,3,18,10,1
200,200,2017-08-03,8,16,49,0
201,201,2017-08-04,25,90,98,1
204,204,2017-08-07,14,11,85,1
205,205,2017-08-08,3,6,4,0
206,206,2017-08-09,6,8,11,0
207,207,2017-08-10,11,28,23,0
208,208,2017-08-11,30,26,67,0
211,211,2017-08-14,196,123,183,0
212,212,2017-08-15,105,76,238,1
213,213,2017-08-16,26,58,74,0
214,214,2017-08-17,1,9,10,1
215,215,2017-08-18,9,7,36,0
218,218,2017-08-21,30,56,51,1
219,219,2017-08-22,9,29,11,1
220,220,2017-08-23,3,8,4,1
221,221,2017-08-24,17,30,31,1
222,222,2017-08-25,10,28,29,1
225,225,2017-08-28,32,42,51,1
226,226,2017-08-29,38,103,176,0
227,227,2017-08-30,13,27,38,1
228,228,2017-08-31,4,10,17,1
229,229,2017-09-01,3,19,12,1
232,232,2017-09-04,28,30,188,0
233,233,2017-09-05,33,87,187,1
234,234,2017-09-06,17,40,33,0
235,235,2017-09-07,53,67,128,0
236,236,2017-09-08,9,14,10,1
239,239,2017-09-11,16,38,187,0
240,240,2017-09-12,5,17,57,1
241,241,2017-09-13,4,6,18,0
242,242,2017-09-14,20,11,81,1
243,243,2017-09-15,9,19,25,1
246,246,2017-09-18,7,10,23,1
247,247,2017-09-19,9,11,46,0
248,248,2017-09-20,1,2,10,0
249,249,2017-09-21,1,4,10,1
250,250,2017-09-22,13,8,15,0
253,253,2017-09-25,50,75,182,0
254,254,2017-09-26,71,45,172,0
255,255,2017-09-27,14,34,40,1
256,256,2017-09-28,5,2,10,0
257,257,2017-09-29,15,9,23,1
260,260,2017-10-02,21,24,285,1
261,261,2017-10-03,1,4,11,1
263,263,2017-10-05,17,34,84,1
264,264,2017-10-06,14,13,46,1
269,269,2017-10-11,79,64,446,1
270,270,2017-10-12,57,72,200,1
271,271,2017-10-13,5,1,14,1
273,273,2017-10-16,8,13,20,1
274,274,2017-10-17,3,7,36,0
275,275,2017-10-18,23,20,291,0
276,276,2017-10-19,42,35,185,1
277,277,2017-10-20,7,15,16,0
280,280,2017-10-23,103,52,593,1
281,281,2017-10-24,3,0,47,1
282,282,2017-10-27,14,7,8,0
284,284,2017-10-31,4,4,1,1
285,285,2017-11-03,3,8,14,1
288,288,2017-11-06,3,9,52,0
289,289,2017-11-07,1,0,13,1
290,290,2017-11-08,1,0,5,0
291,291,2017-11-09,6,10,16,0
292,292,2017-11-10,4,7,17,0
293,293,2017-11-14,0,0,2,1
294,294,2017-11-17,0,0,1,1
296,296,2017-11-21,0,0,2,1
297,297,2017-11-22,4,15,18,1
298,298,2017-11-23,0,2,0,1
299,299,2017-11-30,6,7,15,0
300,300,2017-12-01,1,4,50,1
302,302,2017-12-05,31,40,28,0
303,303,2017-12-06,4,10,5,0
304,304,2017-12-07,3,13,8,0
306,306,2017-12-11,12,5,6,1
307,307,2017-12-13,1,5,4,1
308,308,2017-12-14,0,0,2,1
309,309,2017-12-15,0,2,0,0
311,311,2017-12-18,5,7,59,1
312,312,2017-12-19,0,2,9,0
313,313,2017-12-20,0,0,3,1
316,316,2017-12-26,5,10,8,0
317,317,2017-12-27,0,2,4,1
318,318,2017-12-28,6,18,31,1
321,321,2018-01-08,0,1,4,1
322,322,2018-01-12,0,0,2,1
323,323,2018-01-16,0,1,0,1
324,324,2018-01-17,0,1,0,1
325,325,2018-01-18,0,1,0,1
326,326,2018-01-19,0,0,1,1
327,327,2018-01-24,0,0,1,0
328,328,2018-01-26,1,0,0,0
330,330,2018-01-30,1,1,10,0
331,331,2018-01-31,0,0,1,1
332,332,2018-02-01,1,1,3,1
334,334,2018-02-08,1,0,4,0
336,336,2018-02-12,0,0,4,1
341,341,2018-02-22,1,4,18,0
342,342,2018-02-23,0,0,1,1
345,345,2018-02-26,0,2,3,1
347,347,2018-03-01,0,2,1,0
348,348,2018-03-02,1,2,139,0
351,351,2018-03-05,1,1,67,0
352,352,2018-03-06,2,7,148,1
353,353,2018-03-07,2,1,19,0
354,354,2018-03-08,0,3,17,1
355,355,2018-03-09,0,1,8,1
357,357,2018-03-12,6,5,117,1
358,358,2018-03-13,0,0,6,1
359,359,2018-03-14,8,6,45,0
360,360,2018-03-15,8,5,37,0
361,361,2018-03-16,0,0,2,1
362,362,2018-03-19,1,0,0,1
363,363,2018-03-20,0,0,6,0
364,364,2018-03-27,230,226,326,1
365,365,2018-03-28,463,503,314,0
366,366,2018-03-29,561,758,776,0
367,367,2018-03-30,520,640,360,1
370,370,2018-04-02,399,352,604,0
371,371,2018-04-03,598,730,967,0
377,377,2018-04-09,349,518,766,1
378,378,2018-04-10,556,672,407,1
379,379,2018-04-11,649,747,420,1
380,380,2018-04-12,627,767,560,0
381,381,2018-04-13,605,720,582,1
384,384,2018-04-16,564,580,640,0
385,385,2018-04-17,603,568,614,0
386,386,2018-04-18,546,618,444,1
387,387,2018-04-19,680,973,693,1
388,388,2018-04-20,582,676,526,0
391,391,2018-04-23,504,566,461,0
392,392,2018-04-24,812,533,564,0
393,393,2018-04-25,663,623,477,0
394,394,2018-04-26,734,635,615,0
395,395,2018-04-27,462,483,329,1
398,398,2018-04-30,522,795,866,1
400,400,2018-05-02,672,656,623,0
401,401,2018-05-03,676,630,626,0
402,402,2018-05-04,650,955,870,1
404,404,2018-05-07,482,751,579,1
405,405,2018-05-08,463,649,1297,1
406,406,2018-05-09,468,765,511,1
407,407,2018-05-10,382,652,397,1
408,408,2018-05-11,499,816,443,1
411,411,2018-05-14,423,726,419,1
412,412,2018-05-15,536,746,742,0
413,413,2018-05-16,538,643,539,1
414,414,2018-05-17,485,520,640,0
415,415,2018-05-18,587,750,482,0
418,418,2018-05-21,516,945,612,1
419,419,2018-05-22,537,595,739,0
420,420,2018-05-23,527,614,745,0
421,421,2018-05-24,500,813,580,1
422,422,2018-05-25,441,682,674,1
425,425,2018-05-28,412,707,639,1
426,426,2018-05-29,542,701,622,0
427,427,2018-05-30,529,562,442,0
428,428,2018-05-31,563,651,458,1
429,429,2018-06-01,492,707,462,1
432,432,2018-06-04,393,749,694,1
433,433,2018-06-05,571,706,456,0
434,434,2018-06-06,306,700,441,1
435,435,2018-06-07,401,621,471,1
436,436,2018-06-08,432,565,345,0
438,438,2018-06-11,408,645,604,0
439,439,2018-06-12,118,122,167,0
440,440,2018-06-13,591,751,617,1
441,441,2018-06-14,504,631,389,0
442,442,2018-06-15,520,612,292,1
446,446,2018-06-19,747,656,668,0
447,447,2018-06-20,549,508,309,1
448,448,2018-06-21,676,691,421,1
449,449,2018-06-22,473,539,416,0
452,452,2018-06-25,769,712,816,0
453,453,2018-06-26,616,496,336,0
454,454,2018-06-27,720,844,428,0
455,455,2018-06-28,601,701,451,0
456,456,2018-06-29,403,646,368,1
459,459,2018-07-02,703,845,661,0
460,460,2018-07-03,590,460,281,0
461,461,2018-07-04,533,490,324,1
462,462,2018-07-05,685,594,404,0
463,463,2018-07-06,221,228,304,0
466,466,2018-07-09,610,786,515,1
467,467,2018-07-10,460,679,440,1
468,468,2018-07-11,587,597,440,0
469,469,2018-07-12,416,669,385,1
470,470,2018-07-13,503,677,339,1
473,473,2018-07-16,472,448,423,0
474,474,2018-07-17,568,601,483,0
475,475,2018-07-18,505,503,260,1
476,476,2018-07-19,656,683,563,0
477,477,2018-07-20,476,582,328,1
480,480,2018-07-23,569,520,569,1
481,481,2018-07-24,501,713,417,1
482,482,2018-07-25,535,670,376,0
483,483,2018-07-26,555,822,439,1
484,484,2018-07-27,362,607,374,1
487,487,2018-07-30,621,612,557,0
488,488,2018-07-31,464,584,374,1
489,489,2018-08-01,448,670,412,1
490,490,2018-08-02,593,567,415,0
491,491,2018-08-03,547,602,446,1
494,494,2018-08-06,554,743,787,1
495,495,2018-08-07,530,681,687,0
496,496,2018-08-08,359,584,547,1
497,497,2018-08-09,508,628,495,0
498,498,2018-08-10,565,585,491,0
501,501,2018-08-13,994,917,864,0
502,502,2018-08-14,575,529,490,1
503,503,2018-08-15,859,628,639,0
504,504,2018-08-16,505,716,443,0
505,505,2018-08-17,531,646,377,1
508,508,2018-08-20,596,527,496,1
509,509,2018-08-21,515,750,484,1
510,510,2018-08-22,505,658,556,1
511,511,2018-08-23,658,701,495,1
512,512,2018-08-24,748,710,546,0
515,515,2018-08-27,334,524,510,1
516,516,2018-08-28,508,674,554,1
517,517,2018-08-29,480,834,418,1
518,518,2018-08-30,554,677,498,0
519,519,2018-08-31,467,811,486,0
522,522,2018-09-03,538,535,559,0
523,523,2018-09-04,490,574,451,1
524,524,2018-09-05,671,728,476,0
525,525,2018-09-06,617,604,480,0
526,526,2018-09-07,665,580,424,0
529,529,2018-09-10,804,517,650,0
530,530,2018-09-11,825,714,451,1
531,531,2018-09-12,629,595,563,0
532,532,2018-09-13,762,828,591,1
533,533,2018-09-14,389,665,417,1
536,536,2018-09-17,553,488,777,0
537,537,2018-09-18,722,692,489,0
538,538,2018-09-19,618,719,468,1
539,539,2018-09-20,774,770,374,0
540,540,2018-09-21,557,917,480,1
544,544,2018-09-25,532,679,538,1
545,545,2018-09-26,479,450,370,0
546,546,2018-09-27,628,791,455,1
547,547,2018-09-28,635,622,447,0
550,550,2018-10-01,447,572,463,1
551,551,2018-10-02,728,686,460,0
552,552,2018-10-03,591,550,342,0
553,553,2018-10-04,870,733,579,0
554,554,2018-10-05,817,701,541,0
556,556,2018-10-08,603,619,515,0
557,557,2018-10-09,586,461,461,1
559,559,2018-10-11,1353,1220,1590,0
560,560,2018-10-12,547,631,533,1
563,563,2018-10-15,684,678,547,0
564,564,2018-10-16,680,823,612,1
565,565,2018-10-17,690,693,507,0
566,566,2018-10-18,796,668,591,0
567,567,2018-10-19,636,707,512,0
570,570,2018-10-22,630,790,787,1
571,571,2018-10-23,916,814,641,0
572,572,2018-10-24,607,657,483,0
573,573,2018-10-25,632,752,499,0
574,574,2018-10-26,799,701,558,0
575,575,2018-10-29,621,715,412,1
576,576,2018-10-30,752,840,578,1
577,577,2018-10-31,469,899,379,1
578,578,2018-11-01,555,961,582,1
579,579,2018-11-02,655,839,588,1
582,582,2018-11-05,632,749,628,0
583,583,2018-11-06,620,598,493,0
584,584,2018-11-07,537,851,584,1
585,585,2018-11-08,531,688,451,1
586,586,2018-11-09,602,729,522,0
589,589,2018-11-12,602,734,757,1
590,590,2018-11-13,751,992,770,0
591,591,2018-11-14,525,735,566,1
592,592,2018-11-15,640,952,767,1
593,593,2018-11-16,372,535,286,0
595,595,2018-11-19,524,616,786,1
596,596,2018-11-20,820,927,649,0
597,597,2018-11-21,384,608,423,0
598,598,2018-11-22,590,581,610,0
599,599,2018-11-23,687,592,644,0
601,601,2018-11-26,438,748,937,1
602,602,2018-11-27,466,557,518,1
603,603,2018-11-28,451,831,417,1
604,604,2018-11-29,635,1039,586,1
605,605,2018-11-30,469,746,529,1
608,608,2018-12-03,561,935,659,1
609,609,2018-12-04,533,762,511,0
610,610,2018-12-05,664,846,667,0
611,611,2018-12-06,743,680,542,0
612,612,2018-12-07,582,727,642,1
615,615,2018-12-10,669,794,630,0
616,616,2018-12-11,520,571,570,1
617,617,2018-12-12,482,644,644,1
618,618,2018-12-13,549,623,533,1
619,619,2018-12-14,636,643,492,0
622,622,2018-12-17,695,903,608,1
623,623,2018-12-18,682,828,548,0
624,624,2018-12-19,511,535,531,1
625,625,2018-12-20,784,894,621,0
626,626,2018-12-21,686,813,575,1
629,629,2018-12-24,1266,1327,1233,0
630,630,2018-12-25,436,488,393,0
631,631,2018-12-26,872,776,730,0
632,632,2018-12-27,805,887,660,1
633,633,2018-12-28,456,555,419,1
637,637,2019-01-02,848,964,1160,0
638,638,2019-01-03,795,734,761,0
639,639,2019-01-04,523,781,536,0
642,642,2019-01-07,554,674,448,1
643,643,2019-01-08,478,573,463,0
644,644,2019-01-09,592,1033,554,1
645,645,2019-01-10,506,614,625,0
646,646,2019-01-11,630,786,432,1
649,649,2019-01-14,561,595,609,0
650,650,2019-01-15,489,739,474,1
651,651,2019-01-16,400,525,318,0
652,652,2019-01-17,762,783,540,1
653,653,2019-01-18,533,945,539,1
656,656,2019-01-21,392,574,353,1
657,657,2019-01-22,481,546,319,1
658,658,2019-01-23,512,626,575,0
659,659,2019-01-24,552,712,568,1
660,660,2019-01-25,554,1057,585,1
663,663,2019-01-28,553,821,508,1
664,664,2019-01-29,483,682,421,0
665,665,2019-01-30,443,672,513,1
677,677,2019-02-11,1144,1999,1910,1
678,678,2019-02-12,331,715,427,1
679,679,2019-02-13,515,944,415,0
680,680,2019-02-14,569,841,500,0
681,681,2019-02-15,409,510,286,0
684,684,2019-02-18,464,758,572,1
685,685,2019-02-19,452,772,519,1
686,686,2019-02-20,452,861,486,1
687,687,2019-02-21,513,802,556,1
688,688,2019-02-22,342,549,230,1
691,691,2019-02-25,142,276,286,1
692,692,2019-02-26,614,858,587,1
693,693,2019-02-27,694,800,540,0
698,698,2019-03-04,1393,1863,4467,0
699,699,2019-03-05,817,1070,1835,0
700,700,2019-03-06,669,1137,1645,1
701,701,2019-03-07,1272,1354,1751,0
702,702,2019-03-08,1208,1457,1799,0
705,705,2019-03-11,1382,1734,3291,1
706,706,2019-03-12,811,1104,1570,1
707,707,2019-03-13,753,916,1433,1
708,708,2019-03-14,885,1047,1592,0
709,709,2019-03-15,914,1312,1313,1
712,712,2019-03-18,1050,1815,3402,1
713,713,2019-03-19,606,1023,1487,0
714,714,2019-03-20,828,1208,1466,1
715,715,2019-03-21,911,1480,1845,1
716,716,2019-03-22,1228,1451,1847,1
719,719,2019-03-25,1617,1908,3204,0
720,720,2019-03-26,981,1241,1457,1
721,721,2019-03-27,982,1090,1730,0
722,722,2019-03-28,915,1101,1624,0
723,723,2019-03-29,722,1211,1939,1
726,726,2019-04-01,1199,1794,3133,1
727,727,2019-04-02,817,1047,1332,1
728,728,2019-04-03,727,1030,1326,1
733,733,2019-04-08,1534,2294,4808,1
734,734,2019-04-09,882,1407,1439,1
735,735,2019-04-10,841,1407,1267,1
736,736,2019-04-11,964,993,1286,0
737,737,2019-04-12,1028,1205,1658,0
740,740,2019-04-15,1315,1666,2701,1
741,741,2019-04-16,900,1311,1839,1
742,742,2019-04-17,766,1482,2033,1
743,743,2019-04-18,898,1227,1454,0
744,744,2019-04-19,1001,1042,1459,1
747,747,2019-04-22,1390,1715,3475,1
748,748,2019-04-23,892,937,2364,1
749,749,2019-04-24,1198,1220,1899,1
750,750,2019-04-25,1329,1513,1687,1
751,751,2019-04-26,1154,1076,1834,0
754,754,2019-04-29,1430,1537,3718,0
755,755,2019-04-30,862,941,1941,1
757,757,2019-05-02,1261,1633,3216,1
758,758,2019-05-03,768,1256,1729,1
761,761,2019-05-06,1845,1874,6836,0
762,762,2019-05-07,1245,1509,2759,1
763,763,2019-05-08,1035,1186,2822,0
764,764,2019-05-09,1726,1442,4868,0
765,765,2019-05-10,1304,1584,3685,0
768,768,2019-05-13,1957,1808,9493,0
769,769,2019-05-14,1171,1479,3591,0
770,770,2019-05-15,877,944,2211,1
771,771,2019-05-16,1088,1182,2723,0
772,772,2019-05-17,1355,1161,2822,0
775,775,2019-05-20,1670,1563,7622,1
776,776,2019-05-21,966,1123,2162,1
777,777,2019-05-22,925,898,2757,0
778,778,2019-05-23,1557,1311,3403,0
779,779,2019-05-24,1046,1002,2739,1
782,782,2019-05-27,1733,1756,6515,1
783,783,2019-05-28,827,897,1823,0
784,784,2019-05-29,1191,1224,2641,0
785,785,2019-05-30,1013,1488,2020,1
786,786,2019-05-31,898,1430,2141,1
789,789,2019-06-03,1423,1672,4884,1
790,790,2019-06-04,998,1014,1914,0
791,791,2019-06-05,1219,1196,2017,1
792,792,2019-06-06,935,1017,1761,0
796,796,2019-06-10,1541,2156,4644,1
797,797,2019-06-11,754,1044,1455,1
798,798,2019-06-12,814,861,1479,1
799,799,2019-06-13,813,943,1906,0
800,800,2019-06-14,753,819,1700,0
803,803,2019-06-17,886,1030,4049,1
804,804,2019-06-18,696,935,1735,1
805,805,2019-06-19,679,1231,1712,1
806,806,2019-06-20,774,1220,2219,1
807,807,2019-06-21,856,970,1415,1
810,810,2019-06-24,812,1078,3085,0
811,811,2019-06-25,585,622,907,0
812,812,2019-06-26,674,884,1071,0
813,813,2019-06-27,673,1170,1373,1
814,814,2019-06-28,720,792,2001,0
817,817,2019-07-01,1130,1949,3699,1
818,818,2019-07-02,740,1125,1455,0
819,819,2019-07-03,937,980,1725,0
820,820,2019-07-04,473,735,1214,1
821,821,2019-07-05,679,1022,1203,1
824,824,2019-07-08,1144,1471,3274,0
825,825,2019-07-09,744,818,1288,0
826,826,2019-07-10,744,1275,1526,1
827,827,2019-07-11,887,1293,1137,1
828,828,2019-07-12,815,1071,1465,0
831,831,2019-07-15,926,1378,2769,1
832,832,2019-07-16,745,936,1064,1
833,833,2019-07-17,717,943,1297,0
834,834,2019-07-18,908,970,1222,0
835,835,2019-07-19,760,906,1151,1
838,838,2019-07-22,834,1246,1847,1
839,839,2019-07-23,826,841,1246,1
840,840,2019-07-24,779,962,1680,0
841,841,2019-07-25,792,1222,1644,1
842,842,2019-07-26,948,1113,2581,0
845,845,2019-07-29,1200,1428,3995,0
846,846,2019-07-30,1164,975,1504,0
847,847,2019-07-31,1001,1151,1592,0
848,848,2019-08-01,1173,1160,1907,0
849,849,2019-08-02,1508,1242,3058,0
852,852,2019-08-05,1575,1463,3816,0
853,853,2019-08-06,1143,1324,2680,0
854,854,2019-08-07,1632,1777,3558,0
855,855,2019-08-08,748,1092,1646,1
859,859,2019-08-12,1689,2098,5349,0
860,860,2019-08-13,1121,1297,2287,0
861,861,2019-08-14,1047,955,2195,1
862,862,2019-08-15,1036,1189,2203,0
863,863,2019-08-16,726,1253,2151,1
866,866,2019-08-19,1112,1699,3012,1
867,867,2019-08-20,918,920,1615,1
868,868,2019-08-21,687,894,1438,1
869,869,2019-08-22,839,968,1505,1
870,870,2019-08-23,1056,1225,1614,1
873,873,2019-08-26,1698,1926,6287,0
874,874,2019-08-27,812,851,2020,1
875,875,2019-08-28,815,997,2087,1
876,876,2019-08-29,912,1314,2054,1
877,877,2019-08-30,861,1315,1510,1
880,880,2019-09-02,1066,1775,4346,1
881,881,2019-09-03,867,1233,1650,0
882,882,2019-09-04,749,1349,2167,1
883,883,2019-09-05,671,1401,1570,1
884,884,2019-09-06,935,1251,1670,1
888,888,2019-09-10,2506,2915,5195,0
889,889,2019-09-11,835,1026,1577,1
890,890,2019-09-12,948,1177,1795,1
894,894,2019-09-16,1170,1646,3243,1
895,895,2019-09-17,768,1035,1418,0
896,896,2019-09-18,724,1167,1484,1
897,897,2019-09-19,781,1068,1443,0
898,898,2019-09-20,722,1013,1304,1
901,901,2019-09-23,1015,1315,3051,0
902,902,2019-09-24,788,939,1390,0
903,903,2019-09-25,813,950,1871,0
904,904,2019-09-26,883,821,1301,0
905,905,2019-09-27,902,795,987,0
909,909,2019-10-01,1462,1771,3422,1
910,910,2019-10-02,951,1227,1528,0
911,911,2019-10-03,1010,1403,1409,0
912,912,2019-10-04,741,810,1644,1
915,915,2019-10-07,1198,1499,3388,1
916,916,2019-10-08,796,1080,1232,1
917,917,2019-10-09,859,955,1592,0
922,922,2019-10-14,1312,2123,4130,1
923,923,2019-10-15,575,802,991,1
924,924,2019-10-16,740,912,1475,1
925,925,2019-10-17,753,1252,1371,1
926,926,2019-10-18,653,913,1379,0
929,929,2019-10-21,735,1077,1829,1
930,930,2019-10-22,704,1239,1474,1
931,931,2019-10-23,859,1118,1225,0
932,932,2019-10-24,645,1109,1031,1
933,933,2019-10-25,874,965,1177,0
936,936,2019-10-28,1009,1441,2617,1
937,937,2019-10-29,815,927,1215,1
938,938,2019-10-30,759,967,1681,1
939,939,2019-10-31,916,1166,1450,0
940,940,2019-11-01,731,1269,1247,1
943,943,2019-11-04,1131,1993,3560,1
944,944,2019-11-05,735,1039,1574,1
945,945,2019-11-06,685,955,1360,1
946,946,2019-11-07,835,1125,2051,0
947,947,2019-11-08,867,1030,1461,0
950,950,2019-11-11,1223,1483,3030,0
951,951,2019-11-12,727,980,980,1
952,952,2019-11-13,835,911,1090,0
953,953,2019-11-14,688,1009,1280,0
954,954,2019-11-15,649,801,1010,1
957,957,2019-11-18,810,1363,2333,1
958,958,2019-11-19,687,1089,1402,1
959,959,2019-11-20,812,961,1942,0
960,960,2019-11-21,697,808,1426,0
961,961,2019-11-22,734,1014,1294,1
964,964,2019-11-25,1032,1251,3065,0
965,965,2019-11-26,663,864,1390,1
966,966,2019-11-27,490,859,1282,1
967,967,2019-11-28,668,772,1069,0
968,968,2019-11-29,882,800,2017,0
971,971,2019-12-02,1435,1602,4286,1
972,972,2019-12-03,769,1114,1404,1
973,973,2019-12-04,886,1084,1582,0
974,974,2019-12-05,591,1115,1301,1
975,975,2019-12-06,769,1079,1546,1
978,978,2019-12-09,817,1342,2423,1
979,979,2019-12-10,968,1125,1507,0
980,980,2019-12-11,868,1317,1520,1
981,981,2019-12-12,741,1346,1253,1
982,982,2019-12-13,969,1335,2043,1
985,985,2019-12-16,1081,1887,4224,1
986,986,2019-12-17,666,1315,1821,1
987,987,2019-12-18,805,1279,1481,1
988,988,2019-12-19,887,1001,1768,0
989,989,2019-12-20,750,997,1184,0
992,992,2019-12-23,1156,1432,3086,1
993,993,2019-12-24,775,834,1050,0
994,994,2019-12-25,566,873,1421,1
995,995,2019-12-26,604,768,1259,0
996,996,2019-12-27,667,1130,1697,1
999,999,2019-12-30,1158,1462,3808,0
1000,1000,2019-12-31,692,1098,1503,0
1002,1002,2020-01-02,826,1198,1801,1
1003,1003,2020-01-03,838,952,1565,1
1006,1006,2020-01-06,1394,1412,3414,0
1007,1007,2020-01-07,1046,988,1479,0
1008,1008,2020-01-08,1030,1152,2970,0
1009,1009,2020-01-09,927,1433,2102,1
1010,1010,2020-01-10,723,1046,1574,1
1013,1013,2020-01-13,1019,1643,3502,1
1014,1014,2020-01-14,751,1151,1519,1
1015,1015,2020-01-15,960,1020,1506,0
1016,1016,2020-01-16,852,1294,1763,0
1017,1017,2020-01-17,772,1043,1384,1
1020,1020,2020-01-20,935,1523,2775,1
1030,1030,2020-01-30,5133,4795,11639,0
1031,1031,2020-01-31,1279,1116,2567,1
1034,1034,2020-02-03,2306,2264,5624,0
1035,1035,2020-02-04,1105,1442,2068,1
1036,1036,2020-02-05,1043,1398,1880,1
1037,1037,2020-02-06,957,1691,1935,1
1038,1038,2020-02-07,1162,1293,1975,0
1041,1041,2020-02-10,1838,2274,4538,0
1042,1042,2020-02-11,953,1474,2334,1
1043,1043,2020-02-12,950,1569,1983,1
1044,1044,2020-02-13,902,1250,1782,1
1045,1045,2020-02-14,907,1430,1726,1
1048,1048,2020-02-17,1120,1753,2900,0
1049,1049,2020-02-18,1212,1203,2273,0
1050,1050,2020-02-19,922,1467,2025,1
1051,1051,2020-02-20,1113,1424,1805,0
1052,1052,2020-02-21,1098,1146,1624,0
1055,1055,2020-02-24,1876,2023,3710,0
1056,1056,2020-02-25,1280,1628,2480,1
1057,1057,2020-02-26,1760,1789,2674,0
1058,1058,2020-02-27,1706,1475,2571,0
1062,1062,2020-03-02,3864,4108,7922,0
1063,1063,2020-03-03,1647,1729,3416,1
1064,1064,2020-03-04,1246,1477,2515,1
1065,1065,2020-03-05,1191,1365,2521,1
1066,1066,2020-03-06,1889,1707,3171,0
1069,1069,2020-03-09,4476,4000,9834,0
1070,1070,2020-03-10,2667,2747,6154,1
1071,1071,2020-03-11,2427,2288,4890,0
1072,1072,2020-03-12,3390,2863,6709,0
1073,1073,2020-03-13,4034,3906,7135,0
1076,1076,2020-03-16,5977,5748,14078,0
1077,1077,2020-03-17,3160,3198,7006,0
1078,1078,2020-03-18,4283,3703,8056,0
1079,1079,2020-03-19,6426,6529,13230,0
1080,1080,2020-03-20,4299,5437,8898,1
1083,1083,2020-03-23,7057,6641,19218,0
1084,1084,2020-03-24,2201,3054,5280,1
1085,1085,2020-03-25,1848,2890,5228,1
1086,1086,2020-03-26,2052,2832,5759,1
1087,1087,2020-03-27,2901,3504,7476,0
1090,1090,2020-03-30,3602,3824,12196,0
1091,1091,2020-03-31,1563,1977,3723,1
1092,1092,2020-04-01,1401,1610,3823,0
1097,1097,2020-04-06,4240,5254,14258,1
1098,1098,2020-04-07,1683,2637,4011,1
1099,1099,2020-04-08,1497,2361,4480,1
1100,1100,2020-04-09,1389,1952,3314,0
1101,1101,2020-04-10,1419,1741,3317,1
1104,1104,2020-04-13,2190,2755,7317,0
1105,1105,2020-04-14,1104,2182,2780,1
1106,1106,2020-04-15,1613,2361,3417,1
1107,1107,2020-04-16,1503,2299,3911,0
1108,1108,2020-04-17,1668,2380,3455,1
1111,1111,2020-04-20,2311,3029,6602,0
1112,1112,2020-04-21,2412,2167,5122,0
1113,1113,2020-04-22,1688,1966,5110,1
1114,1114,2020-04-23,1178,1482,3006,1
1115,1115,2020-04-24,997,1262,2765,0
1118,1118,2020-04-27,1937,2799,6214,1
1119,1119,2020-04-28,1148,1880,3018,1
1120,1120,2020-04-29,1275,2382,3301,1
1121,1121,2020-04-30,1342,2431,3192,1
1125,1125,2020-05-04,3198,3978,8958,0
1126,1126,2020-05-05,1213,2037,2926,1
1127,1127,2020-05-06,1321,1884,2969,1
1128,1128,2020-05-07,1293,1759,2373,1
1129,1129,2020-05-08,1427,1953,2497,1
1132,1132,2020-05-11,2254,2985,5713,1
1133,1133,2020-05-12,1423,1891,2485,0
1134,1134,2020-05-13,1157,1605,2488,1
1135,1135,2020-05-14,1669,1778,3622,0
1136,1136,2020-05-15,1576,1570,3322,1
1139,1139,2020-05-18,2754,2871,8517,0
1140,1140,2020-05-19,1226,1485,2602,1
1141,1141,2020-05-20,1181,1574,3346,1
1142,1142,2020-05-21,1115,1670,2406,1
1143,1143,2020-05-22,1249,1261,2368,0
1146,1146,2020-05-25,2330,2835,8088,1
1147,1147,2020-05-26,1224,2131,2964,1
1148,1148,2020-05-27,1463,1742,3502,1
1149,1149,2020-05-28,1290,1399,3548,0
1150,1150,2020-05-29,1347,1714,4177,0
1153,1153,2020-06-01,1926,2895,7648,1
1154,1154,2020-06-02,1100,1629,2752,1
1155,1155,2020-06-03,1097,2082,3183,1
1156,1156,2020-06-04,1285,1788,2495,1
1157,1157,2020-06-05,1542,2639,3039,1
1160,1160,2020-06-08,2552,3568,7180,1
1161,1161,2020-06-09,1330,2120,2387,1
1162,1162,2020-06-10,1404,2271,2733,1
1163,1163,2020-06-11,1840,1910,2759,0
1164,1164,2020-06-12,1814,2082,3693,0
1167,1167,2020-06-15,2834,3136,7009,0
1168,1168,2020-06-16,1418,2131,4385,1
1169,1169,2020-06-17,1382,2017,3324,1
1170,1170,2020-06-18,1490,2188,3554,1
1171,1171,2020-06-19,1557,2131,4169,1
1174,1174,2020-06-22,1642,1933,5745,1
1175,1175,2020-06-23,1247,1328,2727,1
1176,1176,2020-06-24,1348,1479,3157,1
1181,1181,2020-06-29,2880,3243,10252,0
1182,1182,2020-06-30,1416,1612,5590,1
1183,1183,2020-07-01,1262,1688,4573,1
1184,1184,2020-07-02,1063,2049,3171,1
1185,1185,2020-07-03,1531,2475,3711,1
1188,1188,2020-07-06,2252,3978,8567,1
1189,1189,2020-07-07,1543,2084,3432,0
1190,1190,2020-07-08,1537,2582,3890,1
1191,1191,2020-07-09,1544,2549,3519,1
1192,1192,2020-07-10,2146,2608,4083,0
1195,1195,2020-07-13,2613,3747,6964,1
1196,1196,2020-07-14,1569,1835,3283,0
1197,1197,2020-07-15,1908,2375,4172,0
1198,1198,2020-07-16,2171,2331,3631,0
1199,1199,2020-07-17,2272,2018,4727,1
1202,1202,2020-07-20,3748,3858,10802,0
1203,1203,2020-07-21,1728,2085,3449,1
1204,1204,2020-07-22,1578,2194,3605,1
1205,1205,2020-07-23,1336,1540,3143,0
1206,1206,2020-07-24,1499,1792,3045,0
1209,1209,2020-07-27,2982,4271,8334,1
1210,1210,2020-07-28,2772,2651,5021,0
1211,1211,2020-07-29,2104,2406,4223,0
1212,1212,2020-07-30,1657,1901,3375,1
1213,1213,2020-07-31,1431,1598,3072,0
1216,1216,2020-08-03,2293,2685,6426,0
1217,1217,2020-08-04,1294,1789,2876,1
1218,1218,2020-08-05,1391,2079,2818,1
1219,1219,2020-08-06,1286,1757,2726,1
1220,1220,2020-08-07,1457,1628,3072,0
1223,1223,2020-08-10,2369,2828,7967,1
1224,1224,2020-08-11,1551,1526,3102,0
1225,1225,2020-08-12,1585,1815,3025,0
1226,1226,2020-08-13,1608,1644,3963,1
1227,1227,2020-08-14,1492,1728,3387,1
1230,1230,2020-08-17,1810,2373,6160,1
1231,1231,2020-08-18,1650,1730,3702,0
1232,1232,2020-08-19,1662,1946,4895,0
1233,1233,2020-08-20,2640,2047,4905,0
1234,1234,2020-08-21,1458,1678,3762,1
1237,1237,2020-08-24,2460,2781,6255,1
1238,1238,2020-08-25,1226,1468,3317,1
1239,1239,2020-08-26,1069,1466,2964,1
1240,1240,2020-08-27,1345,1480,3525,0
1241,1241,2020-08-28,1600,1465,2896,0
1244,1244,2020-08-31,2007,1896,4330,0
1245,1245,2020-09-01,1063,1279,1927,1
1246,1246,2020-09-02,1692,1947,2394,0
1247,1247,2020-09-03,1610,1751,2486,1
1248,1248,2020-09-04,1739,1989,3064,0
1251,1251,2020-09-07,2121,2168,5049,0
1252,1252,2020-09-08,1756,1504,2961,1
1253,1253,2020-09-09,1681,1745,2653,0
1254,1254,2020-09-10,1274,1505,2339,1
1255,1255,2020-09-11,1376,1333,2585,0
1258,1258,2020-09-14,1964,2310,4940,1
1259,1259,2020-09-15,1270,1784,2662,1
1260,1260,2020-09-16,1114,1538,2514,1
1261,1261,2020-09-17,1957,1292,2389,0
1262,1262,2020-09-18,1384,1526,3189,1
1265,1265,2020-09-21,1739,1510,5083,0
1266,1266,2020-09-22,1610,1591,2717,0
1267,1267,2020-09-23,1579,1773,2766,0
1268,1268,2020-09-24,2165,1984,3339,0
1269,1269,2020-09-25,1945,1512,3674,0
1272,1272,2020-09-28,2692,2980,7932,1
1273,1273,2020-09-29,1361,1185,2971,1
1274,1274,2020-09-30,1095,1275,3155,1
1279,1279,2020-10-05,3017,3546,10358,1
1280,1280,2020-10-06,1253,1346,2612,1
1281,1281,2020-10-07,1300,1606,3009,1
1282,1282,2020-10-08,1105,1618,2454,1
1286,1286,2020-10-12,1933,2599,5760,1
1287,1287,2020-10-13,1299,1163,2296,0
1288,1288,2020-10-14,1274,1305,2629,0
1289,1289,2020-10-15,1416,1270,2700,0
1290,1290,2020-10-16,1179,1136,2045,0
1293,1293,2020-10-19,1578,1692,4282,1
1294,1294,2020-10-20,1048,1108,1820,0
1295,1295,2020-10-21,1325,1359,2632,1
1296,1296,2020-10-22,1193,1124,2349,1
1297,1297,2020-10-23,966,1036,2234,0
1300,1300,2020-10-26,1804,1756,4736,1
1301,1301,2020-10-27,1116,1165,2155,0
1302,1302,2020-10-28,1350,1249,2743,0
1303,1303,2020-10-29,1320,1409,1920,0
1304,1304,2020-10-30,1466,1261,2513,0
1307,1307,2020-11-02,1588,1677,3812,1
1308,1308,2020-11-03,1118,1483,2260,1
1309,1309,2020-11-04,928,887,2207,1
1310,1310,2020-11-05,900,1168,2600,1
1311,1311,2020-11-06,1103,1329,3901,1
1314,1314,2020-11-09,1846,2590,5475,1
1315,1315,2020-11-10,1369,1507,2984,0
1316,1316,2020-11-11,1142,1547,2744,1
1317,1317,2020-11-12,1072,1320,2670,0
1318,1318,2020-11-13,1168,1432,2597,1
1321,1321,2020-11-16,1688,2516,5667,1
1322,1322,2020-11-17,1145,1791,3107,1
1323,1323,2020-11-18,1058,1676,3842,1
1324,1324,2020-11-19,1111,1635,3090,0
1325,1325,2020-11-20,994,1395,2531,0
1328,1328,2020-11-23,1506,2630,5725,1
1329,1329,2020-11-24,1180,1536,2622,0
1330,1330,2020-11-25,1282,1857,2619,0
1331,1331,2020-11-26,1182,1796,2624,1
1332,1332,2020-11-27,1213,1712,3570,1
1335,1335,2020-11-30,1929,2279,5251,0
1336,1336,2020-12-01,1381,1439,2592,1
1337,1337,2020-12-02,1242,1556,2754,1
1338,1338,2020-12-03,1429,1869,2782,0
1339,1339,2020-12-04,1235,1747,2933,1
1342,1342,2020-12-07,2381,3494,5736,1
1343,1343,2020-12-08,1587,2452,4125,1
1344,1344,2020-12-09,1549,2301,3631,1
1345,1345,2020-12-10,1397,1584,2809,0
1346,1346,2020-12-11,1413,1544,2320,1
1349,1349,2020-12-14,1988,2587,4759,0
1350,1350,2020-12-15,1614,1684,2683,0
1351,1351,2020-12-16,1559,1970,3460,1
1352,1352,2020-12-17,1154,1407,3255,0
1353,1353,2020-12-18,1262,1574,2845,0
1356,1356,2020-12-21,2545,2779,6628,1
1357,1357,2020-12-22,1495,1598,3169,0
1358,1358,2020-12-23,1363,1536,3051,1
1359,1359,2020-12-24,1054,1500,2150,1
1360,1360,2020-12-25,1418,1833,2655,1
1363,1363,2020-12-28,2184,3349,6293,1
1364,1364,2020-12-29,1768,2111,3870,0
1365,1365,2020-12-30,1685,2161,4084,1
1366,1366,2020-12-31,1865,1887,4563,1
1370,1370,2021-01-04,3426,5401,9470,1
1371,1371,2021-01-05,2324,2719,4599,1
1372,1372,2021-01-06,2168,2061,3112,0
1373,1373,2021-01-07,2867,2886,4287,1
1374,1374,2021-01-08,2713,3377,5300,1
1377,1377,2021-01-11,3295,4520,9091,1
1378,1378,2021-01-12,2485,2510,3808,0
1379,1379,2021-01-13,2507,3457,5147,1
1380,1380,2021-01-14,2151,3460,4997,0
1381,1381,2021-01-15,2861,3132,5251,0
1384,1384,2021-01-18,4144,4655,9194,0
1385,1385,2021-01-19,2417,3068,4951,1
1386,1386,2021-01-20,2677,3113,4640,0
1387,1387,2021-01-21,2546,3390,5183,1
1388,1388,2021-01-22,3305,3694,5525,0
1391,1391,2021-01-25,4806,5653,11764,0
1392,1392,2021-01-26,2776,2699,4432,0
1393,1393,2021-01-27,2490,2355,4737,1
1394,1394,2021-01-28,3072,2876,5480,0
1395,1395,2021-01-29,3908,3464,9728,0
1398,1398,2021-02-01,7057,6449,16117,1
1399,1399,2021-02-02,2608,3055,5531,1
1400,1400,2021-02-03,1632,1641,3446,1
1401,1401,2021-02-04,2150,2325,4339,0
1402,1402,2021-02-05,1845,1953,3351,1
1414,1414,2021-02-17,8613,10984,26776,1
1415,1415,2021-02-18,1451,1850,3018,1
1416,1416,2021-02-19,1512,2037,3510,0
1419,1419,2021-02-22,2808,4281,7696,1
1420,1420,2021-02-23,2027,2321,3624,1
1421,1421,2021-02-24,2016,2587,4350,0
1422,1422,2021-02-25,1796,2236,4414,1
1423,1423,2021-02-26,2858,2739,5428,0
1427,1427,2021-03-02,3683,4462,9931,0
1428,1428,2021-03-03,1571,1556,3909,1
1429,1429,2021-03-04,2197,2108,3455,0
1430,1430,2021-03-05,1988,2334,3797,0
1433,1433,2021-03-08,3247,3613,7703,0
1434,1434,2021-03-09,2058,2623,3161,1
1435,1435,2021-03-10,2506,2445,4444,1
1436,1436,2021-03-11,1978,2410,4069,1
1437,1437,2021-03-12,1692,1917,4594,1
1440,1440,2021-03-15,2771,3478,9037,0
1441,1441,2021-03-16,1728,2129,3527,1
1442,1442,2021-03-17,1797,2290,3750,0
1443,1443,2021-03-18,1702,2178,3593,1
1444,1444,2021-03-19,2393,2648,4387,0
1447,1447,2021-03-22,4109,4898,9057,1
1448,1448,2021-03-23,2286,2206,3560,0
1449,1449,2021-03-24,2517,2452,5651,0
1450,1450,2021-03-25,2555,2476,4578,1
1451,1451,2021-03-26,2006,2729,4152,1
1454,1454,2021-03-29,3524,4686,8526,1
1455,1455,2021-03-30,2174,2954,4498,1
1456,1456,2021-03-31,2511,3686,5732,0
1457,1457,2021-04-01,1897,2766,4534,1
1463,1463,2021-04-07,6256,8919,21090,1
1464,1464,2021-04-08,1779,2729,3974,1
1465,1465,2021-04-09,2483,2995,4814,0
1468,1468,2021-04-12,3543,4462,9241,1
1469,1469,2021-04-13,2690,2466,4598,0
1470,1470,2021-04-14,3501,3292,6186,1
1471,1471,2021-04-15,2934,3445,6523,1
1472,1472,2021-04-16,2328,3046,4726,1
1475,1475,2021-04-19,4365,5886,10274,1
1476,1476,2021-04-20,2380,2625,4337,1
1477,1477,2021-04-21,3116,3902,6256,0
1478,1478,2021-04-22,4710,4390,7820,0
1479,1479,2021-04-23,3323,3193,5466,1
1482,1482,2021-04-26,5491,6834,14440,1
1483,1483,2021-04-27,3438,3863,7183,1
1484,1484,2021-04-28,3157,3838,5852,0
1485,1485,2021-04-29,3225,3937,5161,0
1489,1489,2021-05-03,8231,8005,15819,0
1490,1490,2021-05-04,6313,4783,8115,0
1491,1491,2021-05-05,4953,3598,6129,0
1492,1492,2021-05-06,5639,4784,9336,1
1493,1493,2021-05-07,4162,4556,7099,1
1496,1496,2021-05-10,8633,9030,13804,0
1497,1497,2021-05-11,7556,5393,8652,0
1498,1498,2021-05-12,9212,7077,12709,0
1499,1499,2021-05-13,7076,5383,10250,0
1500,1500,2021-05-14,5731,5080,8950,1
1503,1503,2021-05-17,14340,12428,21086,0
1504,1504,2021-05-18,3576,4015,8123,1
1505,1505,2021-05-19,3598,3034,7373,0
1506,1506,2021-05-20,2991,2535,6437,0
1507,1507,2021-05-21,2809,2965,6725,1
1510,1510,2021-05-24,5864,5658,15430,1
1511,1511,2021-05-25,3027,2890,5853,1
1512,1512,2021-05-26,2540,2412,4247,1
1513,1513,2021-05-27,1939,1992,4977,0
1514,1514,2021-05-28,2890,3586,8145,1
1517,1517,2021-05-31,5607,5717,18067,1
1518,1518,2021-06-01,3314,3266,8210,1
1519,1519,2021-06-02,3128,2745,8476,1
1520,1520,2021-06-03,3717,3636,8700,1
1521,1521,2021-06-04,3946,3379,6761,0
1524,1524,2021-06-07,6353,5563,14822,0
1525,1525,2021-06-08,3455,3191,6729,0
1526,1526,2021-06-09,3063,2485,5450,0
1527,1527,2021-06-10,4231,3457,9456,1
1528,1528,2021-06-11,2817,2735,6281,1
1532,1532,2021-06-15,6302,6225,14681,1
1533,1533,2021-06-16,4098,3265,4570,0
1534,1534,2021-06-17,3549,3278,5892,1
1535,1535,2021-06-18,3159,3317,5439,0
1538,1538,2021-06-21,5802,6191,11046,0
1539,1539,2021-06-22,3822,3593,5869,1
1540,1540,2021-06-23,4530,4123,5852,1
1541,1541,2021-06-24,2782,2918,4740,1
1542,1542,2021-06-25,2611,2583,5057,1
1545,1545,2021-06-28,6279,6738,14778,1
1546,1546,2021-06-29,3805,3999,6493,1
1547,1547,2021-06-30,3886,4689,7418,1
1548,1548,2021-07-01,3937,4148,5779,0
1549,1549,2021-07-02,4652,4209,6866,0
1552,1552,2021-07-05,7279,7671,13931,1
1553,1553,2021-07-06,4464,4584,7313,0
1554,1554,2021-07-07,5069,4312,6992,0
1555,1555,2021-07-08,5851,5355,8341,1
1556,1556,2021-07-09,6337,5251,8276,0
1559,1559,2021-07-12,9238,8942,17065,1
1560,1560,2021-07-13,5995,4682,8460,1
1561,1561,2021-07-14,6438,5156,8013,0
1562,1562,2021-07-15,5808,5331,9055,1
1563,1563,2021-07-16,5185,4379,8780,0
1566,1566,2021-07-19,8498,7260,17830,0
1567,1567,2021-07-20,4520,3406,6448,0
1568,1568,2021-07-21,5512,4003,6980,0
1569,1569,2021-07-22,5376,4640,7416,1
1570,1570,2021-07-23,4730,3923,8806,1
1573,1573,2021-07-26,7739,6499,14005,0
1574,1574,2021-07-27,6360,4333,7030,0
1575,1575,2021-07-28,5624,5026,8333,0
1576,1576,2021-07-29,3584,3974,5908,1
1577,1577,2021-07-30,3726,2926,5165,0
1580,1580,2021-08-02,5918,5388,10601,1
1581,1581,2021-08-03,3040,2624,5411,1
1582,1582,2021-08-04,3164,2944,5381,1
1583,1583,2021-08-05,3638,3058,5681,0
1584,1584,2021-08-06,4374,3489,5988,0
1587,1587,2021-08-09,5504,4778,9951,0
1588,1588,2021-08-10,4583,3034,5459,0
1589,1589,2021-08-11,4306,3125,5515,0
1590,1590,2021-08-12,4031,3376,5799,0
1591,1591,2021-08-13,4414,3176,5843,0
1594,1594,2021-08-16,6501,5036,11120,0
1595,1595,2021-08-17,3320,2318,4290,0
1596,1596,2021-08-18,2476,2498,4299,1
1597,1597,2021-08-19,3818,2542,5371,0
1598,1598,2021-08-20,2703,2462,4832,0
1601,1601,2021-08-23,3750,3700,8546,1
1602,1602,2021-08-24,2552,2480,4049,1
1603,1603,2021-08-25,2275,2944,4605,1
1604,1604,2021-08-26,2307,2413,5106,1
1605,1605,2021-08-27,1973,2029,4505,1
1608,1608,2021-08-30,3144,3433,8486,1
1609,1609,2021-08-31,2247,2081,3271,1
1610,1610,2021-09-01,1651,1416,3061,0
1611,1611,2021-09-02,2086,1899,3575,0
1612,1612,2021-09-03,2426,2473,4064,1
1615,1615,2021-09-06,4416,4324,6936,0
1616,1616,2021-09-07,2562,2290,4590,0
1617,1617,2021-09-08,2759,2320,4208,0
1618,1618,2021-09-09,2046,2064,3812,1
1619,1619,2021-09-10,2314,2555,3776,1
1622,1622,2021-09-13,3575,3194,7158,0
1623,1623,2021-09-14,2184,1660,3602,0
1624,1624,2021-09-15,2010,1649,3176,0
1625,1625,2021-09-16,1912,1683,3783,0
1626,1626,2021-09-17,1895,1631,3044,0
1631,1631,2021-09-22,4611,3549,9302,0
1632,1632,2021-09-23,1473,1645,3116,1
1633,1633,2021-09-24,1530,1424,3273,1
1636,1636,2021-09-27,3003,2576,7548,1
1637,1637,2021-09-28,2110,1449,4106,0
1638,1638,2021-09-29,1730,1460,3766,0
1639,1639,2021-09-30,1707,1567,5808,1
1640,1640,2021-10-01,2777,1914,4932,0
1643,1643,2021-10-04,4189,3023,9972,0
1644,1644,2021-10-05,2404,1951,4860,1
1645,1645,2021-10-06,2477,2032,4417,0
1646,1646,2021-10-07,1935,1977,3747,1
1647,1647,2021-10-08,2165,1907,4106,0
1651,1651,2021-10-12,3996,3632,8277,0
1652,1652,2021-10-13,2213,1896,3724,0
1653,1653,2021-10-14,1879,1850,4414,1
1654,1654,2021-10-15,1798,1671,3562,1
1657,1657,2021-10-18,2653,2322,6289,0
1658,1658,2021-10-19,1438,1642,3197,1
1659,1659,2021-10-20,1256,1480,3340,0
1660,1660,2021-10-21,1555,1822,3686,1
1661,1661,2021-10-22,1842,1708,3951,0
1664,1664,2021-10-25,2275,2451,5582,1
1665,1665,2021-10-26,1708,1998,3026,1
1666,1666,2021-10-27,1635,2102,3793,1
1667,1667,2021-10-28,1719,1957,8889,0
1668,1668,2021-10-29,700,1745,8610,0
1671,1671,2021-11-01,6319,4478,3233,1
1672,1672,2021-11-02,1,2,8,0
1673,1673,2021-11-03,207,226,397,1
1674,1674,2021-11-04,1677,1706,3459,0
1675,1675,2021-11-05,1615,1732,2115,1
1678,1678,2021-11-08,2899,3431,7661,1
1679,1679,2021-11-09,1819,2561,4733,1
1680,1680,2021-11-10,2370,2644,3957,1
1681,1681,2021-11-11,1999,1988,3752,0
1682,1682,2021-11-12,1618,1745,2846,1
1685,1685,2021-11-15,2074,2669,4728,1
1686,1686,2021-11-16,1724,1740,3045,1
1687,1687,2021-11-17,1451,1856,2835,1
1688,1688,2021-11-18,1480,1752,2811,1
1689,1689,2021-11-19,1066,1139,2039,0
1692,1692,2021-11-22,2833,3031,7216,0
1693,1693,2021-11-23,1801,1533,2560,0
1694,1694,2021-11-24,1645,1740,2693,0
1695,1695,2021-11-25,1949,1719,3699,1
1696,1696,2021-11-26,2222,1586,4818,0
1699,1699,2021-11-29,2998,3324,7205,0
1700,1700,2021-11-30,1803,1743,4562,1
1701,1701,2021-12-01,1625,1782,2921,1
1702,1702,2021-12-02,2102,1950,3260,1
1703,1703,2021-12-03,1783,1789,3760,0
1706,1706,2021-12-06,3448,3422,6812,0
1707,1707,2021-12-07,2259,2639,4644,1
1708,1708,2021-12-08,2346,2635,4677,1
1709,1709,2021-12-09,1996,2106,3835,1
1710,1710,2021-12-10,2197,1890,4521,0
1713,1713,2021-12-13,2879,2794,6515,0
1714,1714,2021-12-14,2124,1650,3770,0
1715,1715,2021-12-15,1805,1860,3195,1
1716,1716,2021-12-16,1492,1804,3983,1
1717,1717,2021-12-17,1968,1763,4979,1
1720,1720,2021-12-20,3248,3013,8915,0
1721,1721,2021-12-21,1513,1614,3480,1
1722,1722,2021-12-22,1587,1713,3683,1
1723,1723,2021-12-23,1580,1724,3051,1
1724,1724,2021-12-24,2349,1739,4029,1
1727,1727,2021-12-27,2397,2831,5948,1
1728,1728,2021-12-28,1843,2329,4152,1
1729,1729,2021-12-29,1508,1846,3989,1
1730,1730,2021-12-30,1991,2071,5785,0
1734,1734,2022-01-03,2997,3692,11238,1
1735,1735,2022-01-04,1957,2953,4671,1
1736,1736,2022-01-05,1910,2253,4882,0
1737,1737,2022-01-06,2261,1959,4936,0
1738,1738,2022-01-07,2793,2408,4887,0
1741,1741,2022-01-10,4045,3647,6831,1
1742,1742,2022-01-11,2280,1981,3643,1
1743,1743,2022-01-12,2372,2100,3320,1
1744,1744,2022-01-13,2494,2598,4102,1
1745,1745,2022-01-14,2578,2152,4104,0
1748,1748,2022-01-17,2902,3315,7347,1
1749,1749,2022-01-18,1906,2030,4251,0
1750,1750,2022-01-19,1929,1584,3292,0
1751,1751,2022-01-20,1760,1552,2891,0
1752,1752,2022-01-21,2920,2083,3800,0
1755,1755,2022-01-24,4393,3772,6273,1
1756,1756,2022-01-25,2744,2298,4029,0
1757,1757,2022-01-26,1747,1623,3385,0
1769,1769,2022-02-07,8561,8180,19631,1
1770,1770,2022-02-08,1665,1753,2884,1
1771,1771,2022-02-09,1482,1878,2993,1
1772,1772,2022-02-10,2587,2746,3673,1
1773,1773,2022-02-11,2166,2527,3346,0
1776,1776,2022-02-14,2728,2814,6961,0
1777,1777,2022-02-15,1715,2170,4835,0
1778,1778,2022-02-16,1674,1863,3619,1
1779,1779,2022-02-17,1587,1910,3268,1
1780,1780,2022-02-18,1960,2169,4211,0
1783,1783,2022-02-21,3177,3183,8494,0
1784,1784,2022-02-22,2218,2127,4141,0
1785,1785,2022-02-23,1911,2224,4377,1
1786,1786,2022-02-24,3271,3239,6219,0
1787,1787,2022-02-25,2026,2243,3668,1
1791,1791,2022-03-01,3129,3495,8617,1
1792,1792,2022-03-02,1803,2047,3754,0
1793,1793,2022-03-03,2406,2428,4099,1
1794,1794,2022-03-04,2448,2154,3800,0
1797,1797,2022-03-07,4602,4412,8187,0
1798,1798,2022-03-08,3656,3564,6134,0
1799,1799,2022-03-09,2574,2668,4813,1
1800,1800,2022-03-10,2218,2558,4145,1
1801,1801,2022-03-11,2058,1912,4290,0
1804,1804,2022-03-14,3746,3768,8174,0
1805,1805,2022-03-15,3701,3288,5141,0
1806,1806,2022-03-16,3405,3100,5570,1
1807,1807,2022-03-17,2232,2912,4856,1
1808,1808,2022-03-18,1997,1933,3560,1
1811,1811,2022-03-21,2853,3029,5528,1
1812,1812,2022-03-22,1944,2112,3222,0
1813,1813,2022-03-23,1556,1877,2492,1
1814,1814,2022-03-24,2322,2009,3939,0
1815,1815,2022-03-25,2422,1836,3356,0
1818,1818,2022-03-28,3892,3237,7205,0
1819,1819,2022-03-29,2047,2133,3673,1
1820,1820,2022-03-30,1692,1717,2853,1
1821,1821,2022-03-31,1951,1739,4828,0
1822,1822,2022-04-01,1925,1811,4212,0
1827,1827,2022-04-06,3820,3935,8971,0
1828,1828,2022-04-07,2224,1817,3542,0
1829,1829,2022-04-08,2584,2730,3795,1
1832,1832,2022-04-11,3965,3324,6359,0
1833,1833,2022-04-12,3054,2566,4875,0
1834,1834,2022-04-13,1829,2025,4161,1
1835,1835,2022-04-14,2056,2046,3694,0
1836,1836,2022-04-15,1964,1578,3041,0
1839,1839,2022-04-18,3322,2766,5954,0
1840,1840,2022-04-19,1715,1664,2894,1
1841,1841,2022-04-20,1912,1771,4010,1
1842,1842,2022-04-21,1830,1662,4057,0
1843,1843,2022-04-22,2021,1732,2564,0
1846,1846,2022-04-25,4088,3623,6981,0
1847,1847,2022-04-26,2467,2179,3459,1
1848,1848,2022-04-27,3205,2346,4960,0
1849,1849,2022-04-28,2088,2125,4033,1
1850,1850,2022-04-29,1686,1768,3195,1
1854,1854,2022-05-03,3913,3634,7447,0
1855,1855,2022-05-04,1995,1829,3529,1
1856,1856,2022-05-05,2282,2130,2980,1
1857,1857,2022-05-06,2570,2233,3885,0
1860,1860,2022-05-09,4631,3690,8357,0
1861,1861,2022-05-10,3126,2614,4509,1
1862,1862,2022-05-11,2373,1896,4732,0
1863,1863,2022-05-12,3669,2720,5092,0
1864,1864,2022-05-13,1934,2029,3164,1
1867,1867,2022-05-16,4023,2772,6806,1
1868,1868,2022-05-17,1761,1848,3502,1
1869,1869,2022-05-18,1684,1817,3692,1
1870,1870,2022-05-19,2415,2214,3603,0
1871,1871,2022-05-20,1616,1757,3623,1
1874,1874,2022-05-23,3930,3467,8493,1
1875,1875,2022-05-24,2210,1547,3380,0
1876,1876,2022-05-25,1745,1423,3259,1
1877,1877,2022-05-26,1796,1708,3261,0
1878,1878,2022-05-27,1517,1634,2947,1
1881,1881,2022-05-30,2128,2499,5425,1
1882,1882,2022-05-31,1565,1624,2781,1
1883,1883,2022-06-01,1379,1538,3027,0
1884,1884,2022-06-02,1306,1500,2614,0
1888,1888,2022-06-06,2535,2809,8527,1
1889,1889,2022-06-07,1531,1536,2798,0
1890,1890,2022-06-08,1782,1791,3294,1
1891,1891,2022-06-09,1845,1805,3333,0
1892,1892,2022-06-10,2134,2150,3936,0
1895,1895,2022-06-13,3492,2772,7295,0
1896,1896,2022-06-14,1780,1759,3727,0
1897,1897,2022-06-15,1936,1864,4557,0
1898,1898,2022-06-16,3484,3092,7265,0
1899,1899,2022-06-17,1914,1653,3989,0
1902,1902,2022-06-20,5047,3869,10483,0
1903,1903,2022-06-21,2211,1961,3360,1
1904,1904,2022-06-22,2745,2009,4694,0
1905,1905,2022-06-23,2754,2358,4660,0
1906,1906,2022-06-24,1764,2036,4047,1
1909,1909,2022-06-27,2799,3220,9232,1
1910,1910,2022-06-28,1949,1786,4169,0
1911,1911,2022-06-29,1894,1493,3529,0
1912,1912,2022-06-30,3098,2269,4726,0
1913,1913,2022-07-01,4336,3234,7557,0
1916,1916,2022-07-04,5225,4576,11824,0
1917,1917,2022-07-05,2109,2156,4965,1
1918,1918,2022-07-06,3542,2605,5878,0
1919,1919,2022-07-07,2477,2702,5640,1
1920,1920,2022-07-08,2163,2064,3323,1
1923,1923,2022-07-11,3245,2859,7468,0
1924,1924,2022-07-12,2904,2769,5848,0
1925,1925,2022-07-13,2483,2683,5974,1
1926,1926,2022-07-14,2427,2606,5697,1
1927,1927,2022-07-15,1718,1885,3925,1
1930,1930,2022-07-18,2739,3022,8751,1
1931,1931,2022-07-19,1689,1576,4439,0
1932,1932,2022-07-20,2198,1981,4809,1
1933,1933,2022-07-21,1980,1993,4046,1
1934,1934,2022-07-22,1403,1589,3928,1
1937,1937,2022-07-25,2702,2954,8832,0
1938,1938,2022-07-26,1932,1657,4573,0
1939,1939,2022-07-27,1849,1896,4370,1
1940,1940,2022-07-28,2628,2757,5013,0
1941,1941,2022-07-29,570,625,1088,1
1944,1944,2022-08-01,0,2,14,0
1945,1945,2022-08-02,0,0,1,0
